day,date,vessel,start_time,end_time,purpose,total_duration,overtime_for_normal_services,overtime_for_extended_services,normal_hour_services
Wed,2024-01-03,DRENNEC,16:30:00.000000000,17:35:00.000000000,Salt Loading (18 ) Tons,01:05:00.000000000,00:35:00.000000000,00:00:00.000000000,00:30:00.000000000
Thu,2024-01-04,GLENAN,18:00:00.000000000,18:45:00.000000000,Salt Loading (10 ) Tons,00:45:00.000000000,00:45:00.000000000,00:00:00.000000000,00:00:00.000000000
Thu,2024-01-04,EUSKADI ALAI,18:45:00.000000000,20:15:00.000000000,Salt Loading (30 ) Tons,01:30:00.000000000,01:30:00.000000000,00:00:00.000000000,00:00:00.000000000
Wed,2024-01-10,ELAI ALAI,15:05:00.000000000,17:10:00.000000000,Salt Loading (70 ) Tons,02:05:00.000000000,00:10:00.000000000,00:00:00.000000000,01:55:00.000000000
Thu,2024-01-11,FRANCHE TERRE,14:15:00.000000000,14:55:00.000000000,Salt Loading (10 ) Tons,00:40:00.000000000,00:00:00.000000000,00:00:00.000000000,00:40:00.000000000
Fri,2024-01-12,TXORI ARGI,17:25:00.000000000,20:30:00.000000000,Salt Loading (100 ) Tons,03:05:00.000000000,03:05:00.000000000,00:00:00.000000000,00:00:00.000000000
Sat,2024-01-13,TXORI ARGI,18:00:00.000000000,21:15:00.000000000,Salt Loading (80 ) Tons,03:15:00.000000000,03:15:00.000000000,00:00:00.000000000,00:00:00.000000000
Wed,2024-01-17,TXORI BERRI,16:38:00.000000000,18:20:00.000000000,Salt Loading (60 ) Tons,01:42:00.000000000,01:20:00.000000000,00:00:00.000000000,00:22:00.000000000
Thu,2024-01-18,ITSAS TXORI,12:30:00.000000000,14:50:00.000000000,Salt Loading (70 ) Tons,02:20:00.000000000,00:00:00.000000000,00:00:00.000000000,02:20:00.000000000
Thu,2024-01-18,ADRIA,15:30:00.000000000,17:11:00.000000000,Salt Loading (40 ) Tons,01:41:00.000000000,00:11:00.000000000,00:00:00.000000000,01:30:00.000000000
Sat,2024-01-20,DOLOMIEU,09:20:00.000000000,13:45:00.000000000,Salt Loading (90 ) Tons,04:25:00.000000000,00:00:00.000000000,00:00:00.000000000,04:25:00.000000000
Mon,2024-01-22,ATERPE ALAI,17:35:00.000000000,19:22:00.000000000,Salt Loading (30 ) Tons,01:47:00.000000000,01:47:00.000000000,00:00:00.000000000,00:00:00.000000000
Mon,2024-01-22,TXORI GORRI,18:00:00.000000000,20:30:00.000000000,Salt Loading (80 ) Tons,02:30:00.000000000,02:30:00.000000000,00:00:00.000000000,00:00:00.000000000
Wed,2024-01-24,IZARO,18:13:00.000000000,20:57:00.000000000,Salt Loading (90 ) Tons,02:44:00.000000000,02:44:00.000000000,00:00:00.000000000,00:00:00.000000000
Mon,2024-01-29,JAI ALAI,17:30:00.000000000,19:00:00.000000000,Salt Loading (30 ) Tons,01:30:00.000000000,01:30:00.000000000,00:00:00.000000000,00:00:00.000000000
Fri,2024-02-02,DRENNEC,16:17:00.000000000,18:15:00.000000000,Salt Loading (54 ) Tons,01:58:00.000000000,01:15:00.000000000,00:00:00.000000000,00:43:00.000000000
Fri,2024-02-02,EUSKADI ALAI,17:45:00.000000000,19:00:00.000000000,Salt Loading (50 ) Tons,01:15:00.000000000,01:15:00.000000000,00:00:00.000000000,00:00:00.000000000
Sat,2024-02-03,PACIFIC STAR,18:15:00.000000000,20:15:00.000000000,Salt Loading (100 ) Tons,02:00:00.000000000,02:00:00.000000000,00:00:00.000000000,00:00:00.000000000
Mon,2024-02-05,PACIFIC STAR,17:55:00.000000000,20:20:00.000000000,Salt Loading (120 ) Tons,02:25:00.000000000,02:25:00.000000000,00:00:00.000000000,00:00:00.000000000
Fri,2024-02-09,TXORI ARGI,17:35:00.000000000,20:25:00.000000000,Salt Loading (65 ) Tons,02:50:00.000000000,02:50:00.000000000,00:00:00.000000000,00:00:00.000000000
Sat,2024-02-10,TXORI ARGI,17:45:00.000000000,19:35:00.000000000,Salt Loading (65 ) Tons,01:50:00.000000000,01:50:00.000000000,00:00:00.000000000,00:00:00.000000000
Sun,2024-02-11,TXORI ZURI,17:30:00.000000000,19:30:00.000000000,Salt Loading (60 ) Tons,02:00:00.000000000,00:00:00.000000000,02:00:00.000000000,00:00:00.000000000
Thu,2024-02-15,ELAI ALAI,17:30:00.000000000,20:30:00.000000000,Salt Loading (80 ) Tons,03:00:00.000000000,03:00:00.000000000,00:00:00.000000000,00:00:00.000000000
Thu,2024-02-15,TXORI AUNDI,17:41:00.000000000,20:25:00.000000000,Salt Loading (60 ) Tons,02:44:00.000000000,02:44:00.000000000,00:00:00.000000000,00:00:00.000000000
Thu,2024-02-15,GALERNA DOS,18:15:00.000000000,20:25:00.000000000,Salt Loading (60 ) Tons,02:10:00.000000000,02:10:00.000000000,00:00:00.000000000,00:00:00.000000000
Fri,2024-02-16,FRANCHE TERRE,12:05:00.000000000,16:00:00.000000000,Salt Loading (110 ) Tons,03:55:00.000000000,00:00:00.000000000,00:00:00.000000000,03:55:00.000000000
Sat,2024-02-17,FRANCHE TERRE,16:34:00.000000000,17:00:00.000000000,Salt Loading (8 ) Tons,00:26:00.000000000,00:00:00.000000000,00:00:00.000000000,00:26:00.000000000
Mon,2024-02-19,TXORI GORRI,17:30:00.000000000,19:30:00.000000000,Salt Loading (70 ) Tons,02:00:00.000000000,02:00:00.000000000,00:00:00.000000000,00:00:00.000000000
Wed,2024-02-21,IZARO,17:00:00.000000000,19:30:00.000000000,Salt Loading (60 ) Tons,02:30:00.000000000,02:30:00.000000000,00:00:00.000000000,00:00:00.000000000
Thu,2024-02-22,CAP SAINT VINCENT,16:20:00.000000000,18:40:00.000000000,Salt Loading (40 ) Tons,02:20:00.000000000,01:40:00.000000000,00:00:00.000000000,00:40:00.000000000
Wed,2024-02-28,DRENNEC,13:45:00.000000000,18:30:00.000000000,Salt Loading (40 ) Tons,04:45:00.000000000,01:30:00.000000000,00:00:00.000000000,03:15:00.000000000
Fri,2024-03-01,IZURDIA,17:35:00.000000000,21:45:00.000000000,Salt Loading (110 ) Tons,04:10:00.000000000,04:10:00.000000000,00:00:00.000000000,00:00:00.000000000
Sat,2024-03-02,PLAYA DE ANZORAS,16:15:00.000000000,18:15:00.000000000,Salt Loading (70 ) Tons,02:00:00.000000000,01:15:00.000000000,00:00:00.000000000,00:45:00.000000000
Sat,2024-03-02,DOLOMIEU,17:20:00.000000000,17:45:00.000000000,Salt Loading (10 ) Tons,00:25:00.000000000,00:25:00.000000000,00:00:00.000000000,00:00:00.000000000
Mon,2024-03-04,IZURDIA,18:55:00.000000000,23:23:00.000000000,Salt Loading (110 ) Tons,04:28:00.000000000,04:28:00.000000000,00:00:00.000000000,00:00:00.000000000
Fri,2024-03-08,EUSKADI ALAI,18:15:00.000000000,20:40:00.000000000,Salt Loading (80 ) Tons,02:25:00.000000000,02:25:00.000000000,00:00:00.000000000,00:00:00.000000000
Sun,2024-03-10,ELAI ALAI,16:35:00.000000000,18:30:00.000000000,Salt Loading (60 ) Tons,01:55:00.000000000,00:00:00.000000000,01:55:00.000000000,00:00:00.000000000
Mon,2024-03-11,JAI ALAI,15:10:00.000000000,18:05:00.000000000,Salt Loading (80 ) Tons,02:55:00.000000000,01:05:00.000000000,00:00:00.000000000,01:50:00.000000000
Wed,2024-03-13,PACIFIC STAR,18:10:00.000000000,20:28:00.000000000,Salt Loading (90 ) Tons,02:18:00.000000000,02:18:00.000000000,00:00:00.000000000,00:00:00.000000000
Thu,2024-03-14,PACIFIC STAR,18:00:00.000000000,20:20:00.000000000,Salt Loading (90 ) Tons,02:20:00.000000000,02:20:00.000000000,00:00:00.000000000,00:00:00.000000000
Fri,2024-03-15,GLENAN,14:10:00.000000000,20:00:00.000000000,Salt Loading (145 ) Tons,05:50:00.000000000,03:00:00.000000000,00:00:00.000000000,02:50:00.000000000
Fri,2024-03-15,ALAKRANA,18:10:00.000000000,22:00:00.000000000,Salt Loading (80 ) Tons,03:50:00.000000000,03:50:00.000000000,00:00:00.000000000,00:00:00.000000000
Tue,2024-03-19,GALERNA DOS,18:50:00.000000000,21:00:00.000000000,Salt Loading (57 ) Tons,02:10:00.000000000,02:10:00.000000000,00:00:00.000000000,00:00:00.000000000
Wed,2024-03-20,GALERNA DOS,17:50:00.000000000,21:45:00.000000000,Salt Loading (102 ) Tons,03:55:00.000000000,03:55:00.000000000,00:00:00.000000000,00:00:00.000000000
Sat,2024-03-23,FRANCHE TERRE,17:45:00.000000000,18:25:00.000000000,Salt Loading (14 ) Tons,00:40:00.000000000,00:40:00.000000000,00:00:00.000000000,00:00:00.000000000
Mon,2024-03-25,INTERTUNA TRES,17:45:00.000000000,21:00:00.000000000,Salt Loading (110 ) Tons,03:15:00.000000000,03:15:00.000000000,00:00:00.000000000,00:00:00.000000000
Tue,2024-03-26,TXORI BERRI,18:45:00.000000000,21:00:00.000000000,Salt Loading (80 ) Tons,02:15:00.000000000,02:15:00.000000000,00:00:00.000000000,00:00:00.000000000
Tue,2024-03-26,INTERTUNA TRES,18:45:00.000000000,22:45:00.000000000,Salt Loading (110 ) Tons,04:00:00.000000000,04:00:00.000000000,00:00:00.000000000,00:00:00.000000000
Wed,2024-03-27,PLAYA DE RIS,18:20:00.000000000,23:45:00.000000000,Salt Loading (120 ) Tons,05:25:00.000000000,05:25:00.000000000,00:00:00.000000000,00:00:00.000000000
Thu,2024-03-28,DOLOMIEU,17:10:00.000000000,19:50:00.000000000,Salt Loading (38 ) Tons,02:40:00.000000000,02:40:00.000000000,00:00:00.000000000,00:00:00.000000000
PH,2024-03-30,DRENNEC,15:12:00.000000000,17:06:00.000000000,Salt Loading (44 ) Tons,01:54:00.000000000,00:48:00.000000000,01:06:00.000000000,00:00:00.000000000
Fri,2024-04-05,BERNICA,15:00:00.000000000,20:45:00.000000000,Salt Loading (113 ) Tons,05:45:00.000000000,03:45:00.000000000,00:00:00.000000000,02:00:00.000000000
Sat,2024-04-06,TXORI ARGI,18:30:00.000000000,23:00:00.000000000,Salt Loading (120 ) Tons,04:30:00.000000000,04:30:00.000000000,00:00:00.000000000,00:00:00.000000000
Mon,2024-04-08,EUSKADI ALAI,17:45:00.000000000,20:18:00.000000000,Salt Loading (90 ) Tons,02:33:00.000000000,02:33:00.000000000,00:00:00.000000000,00:00:00.000000000
Tue,2024-04-09,JAI ALAI,18:30:00.000000000,21:00:00.000000000,Salt Loading (75 ) Tons,02:30:00.000000000,02:30:00.000000000,00:00:00.000000000,00:00:00.000000000
Thu,2024-04-11,CAP SAINTE MARIE,14:50:00.000000000,15:15:00.000000000,Salt Loading (15 ) Tons,00:25:00.000000000,00:00:00.000000000,00:00:00.000000000,00:25:00.000000000
Fri,2024-04-12,FRANCHE TERRE,17:10:00.000000000,17:50:00.000000000,Salt Loading (10 ) Tons,00:40:00.000000000,00:40:00.000000000,00:00:00.000000000,00:00:00.000000000
Fri,2024-04-12,ELAI ALAI,17:45:00.000000000,20:45:00.000000000,Salt Loading (90 ) Tons,03:00:00.000000000,03:00:00.000000000,00:00:00.000000000,00:00:00.000000000
Mon,2024-04-15,ITSAS TXORI,19:35:00.000000000,22:25:00.000000000,Salt Loading (90 ) Tons,02:50:00.000000000,02:50:00.000000000,00:00:00.000000000,00:00:00.000000000
Wed,2024-04-17,GLENAN,08:40:00.000000000,11:30:00.000000000,Salt Loading (50 ) Tons,02:50:00.000000000,00:00:00.000000000,00:00:00.000000000,02:50:00.000000000
Wed,2024-04-17,CAP SAINT VINCENT,10:30:00.000000000,15:45:00.000000000,Salt Loading (100 ) Tons,05:15:00.000000000,00:00:00.000000000,00:00:00.000000000,05:15:00.000000000
Sat,2024-04-20,DRACO,18:15:00.000000000,21:50:00.000000000,Salt Loading (100 ) Tons,03:35:00.000000000,03:35:00.000000000,00:00:00.000000000,00:00:00.000000000
Sat,2024-04-20,IZURDIA,18:20:00.000000000,21:48:00.000000000,Salt Loading (115 ) Tons,03:28:00.000000000,03:28:00.000000000,00:00:00.000000000,00:00:00.000000000
Sun,2024-04-21,TXORI GORRI,15:30:00.000000000,18:19:00.000000000,Salt Loading (120 ) Tons,02:49:00.000000000,00:30:00.000000000,02:19:00.000000000,00:00:00.000000000
Sun,2024-04-21,IZURDIA,17:00:00.000000000,20:02:00.000000000,Salt Loading (115 ) Tons,03:02:00.000000000,00:00:00.000000000,03:02:00.000000000,00:00:00.000000000
Wed,2024-04-24,FRANCHE TERRE,17:20:00.000000000,18:20:00.000000000,Salt Loading (20 ) Tons,01:00:00.000000000,01:00:00.000000000,00:00:00.000000000,00:00:00.000000000
Wed,2024-04-24,ALAKRANA,18:15:00.000000000,20:30:00.000000000,Salt Loading (70 ) Tons,02:15:00.000000000,02:15:00.000000000,00:00:00.000000000,00:00:00.000000000
Thu,2024-04-25,ALAKRANA,18:00:00.000000000,23:00:00.000000000,Salt Loading (70 ) Tons,05:00:00.000000000,05:00:00.000000000,00:00:00.000000000,00:00:00.000000000
Thu,2024-04-25,PLAYA DE ANZORAS,18:12:00.000000000,22:15:00.000000000,Salt Loading (70 ) Tons,04:03:00.000000000,04:03:00.000000000,00:00:00.000000000,00:00:00.000000000
Tue,2024-04-30,AVEL VAD,15:35:00.000000000,16:20:00.000000000,Salt Loading (15 ) Tons,00:45:00.000000000,00:00:00.000000000,00:00:00.000000000,00:45:00.000000000
Thu,2024-05-02,TREVIGNON,09:50:00.000000000,11:55:00.000000000,Salt Loading (24 ) Tons,02:05:00.000000000,00:00:00.000000000,00:00:00.000000000,02:05:00.000000000
Fri,2024-05-03,TORRE ITALIA,11:20:00.000000000,12:47:00.000000000,Salt Loading (60 ) Tons,01:27:00.000000000,00:00:00.000000000,00:00:00.000000000,01:27:00.000000000
Fri,2024-05-03,PLAYA DE RIS,13:30:00.000000000,19:30:00.000000000,Salt Loading (120 ) Tons,06:00:00.000000000,02:30:00.000000000,00:00:00.000000000,03:30:00.000000000
Wed,2024-05-08,GLENAN,09:50:00.000000000,11:40:00.000000000,Salt Loading (50 ) Tons,01:50:00.000000000,00:00:00.000000000,00:00:00.000000000,01:50:00.000000000
Thu,2024-05-09,EUSKADI ALAI,18:30:00.000000000,20:45:00.000000000,Salt Loading (60 ) Tons,02:15:00.000000000,02:15:00.000000000,00:00:00.000000000,00:00:00.000000000
Mon,2024-05-13,DOLOMIEU,17:30:00.000000000,18:30:00.000000000,Salt Loading (10 ) Tons,01:00:00.000000000,01:00:00.000000000,00:00:00.000000000,00:00:00.000000000
Mon,2024-05-13,JAI ALAI,17:30:00.000000000,21:40:00.000000000,Salt Loading (100 ) Tons,04:10:00.000000000,04:10:00.000000000,00:00:00.000000000,00:00:00.000000000
Mon,2024-05-13,ELAI ALAI,17:45:00.000000000,19:10:00.000000000,Salt Loading (40 ) Tons,01:25:00.000000000,01:25:00.000000000,00:00:00.000000000,00:00:00.000000000
Sat,2024-06-01,AVEL VAD,08:10:00.000000000,12:35:00.000000000,Salt Loading (105 ) Tons,04:25:00.000000000,00:00:00.000000000,00:00:00.000000000,04:25:00.000000000
Sun,2024-06-02,ALAKRANA,16:45:00.000000000,20:55:00.000000000,Salt Loading (80 ) Tons,04:10:00.000000000,00:00:00.000000000,04:10:00.000000000,00:00:00.000000000
Wed,2024-06-05,BERNICA,13:00:00.000000000,14:30:00.000000000,Salt Loading (12 ) Tons,01:30:00.000000000,00:00:00.000000000,00:00:00.000000000,01:30:00.000000000
Fri,2024-06-07,DOLOMIEU,09:30:00.000000000,13:35:00.000000000,Salt Loading (90 ) Tons,04:05:00.000000000,00:00:00.000000000,00:00:00.000000000,04:05:00.000000000
Fri,2024-06-07,PACIFIC STAR,18:20:00.000000000,20:25:00.000000000,Salt Loading (110 ) Tons,02:05:00.000000000,02:05:00.000000000,00:00:00.000000000,00:00:00.000000000
Sat,2024-06-08,EUSKADI ALAI,18:30:00.000000000,22:20:00.000000000,Salt Loading (80 ) Tons,03:50:00.000000000,03:50:00.000000000,00:00:00.000000000,00:00:00.000000000
Sat,2024-06-08,PACIFIC STAR,19:00:00.000000000,21:30:00.000000000,Salt Loading (110 ) Tons,02:30:00.000000000,02:30:00.000000000,00:00:00.000000000,00:00:00.000000000
Tue,2024-06-11,JAI ALAI,17:55:00.000000000,21:45:00.000000000,Salt Loading (90 ) Tons,03:50:00.000000000,03:50:00.000000000,00:00:00.000000000,00:00:00.000000000
Wed,2024-06-12,ARTZA,18:30:00.000000000,21:48:00.000000000,Salt Loading (85 ) Tons,03:18:00.000000000,03:18:00.000000000,00:00:00.000000000,00:00:00.000000000
Thu,2024-06-13,ARTZA,17:15:00.000000000,21:00:00.000000000,Salt Loading (85 ) Tons,03:45:00.000000000,03:45:00.000000000,00:00:00.000000000,00:00:00.000000000
Thu,2024-06-13,ELAI ALAI,18:30:00.000000000,20:30:00.000000000,Salt Loading (60 ) Tons,02:00:00.000000000,02:00:00.000000000,00:00:00.000000000,00:00:00.000000000
Thu,2024-06-13,CAP SAINT VINCENT,20:10:00.000000000,22:00:00.000000000,Salt Loading (38 ) Tons,01:50:00.000000000,01:50:00.000000000,00:00:00.000000000,00:00:00.000000000
Fri,2024-06-14,TXORI ZURI,19:10:00.000000000,22:00:00.000000000,Salt Loading (100 ) Tons,02:50:00.000000000,02:50:00.000000000,00:00:00.000000000,00:00:00.000000000
Sat,2024-06-15,TXORI ZURI,19:35:00.000000000,22:18:00.000000000,Salt Loading (80 ) Tons,02:43:00.000000000,02:43:00.000000000,00:00:00.000000000,00:00:00.000000000
Wed,2024-06-19,BERNICA,17:20:00.000000000,18:00:00.000000000,Salt Loading (6 ) Tons,00:40:00.000000000,00:40:00.000000000,00:00:00.000000000,00:00:00.000000000
Wed,2024-06-19,TREVIGNON,17:30:00.000000000,18:15:00.000000000,Salt Loading (28 ) Tons,00:45:00.000000000,00:45:00.000000000,00:00:00.000000000,00:00:00.000000000
Fri,2024-06-21,PLAYA DE RIS,18:00:00.000000000,21:00:00.000000000,Salt Loading (65 ) Tons,03:00:00.000000000,03:00:00.000000000,00:00:00.000000000,00:00:00.000000000
Sat,2024-06-22,PLAYA DE RIS,08:35:00.000000000,13:10:00.000000000,Salt Loading (65 ) Tons,04:35:00.000000000,00:00:00.000000000,00:00:00.000000000,04:35:00.000000000
Sat,2024-06-22,IZARO,18:00:00.000000000,21:30:00.000000000,Salt Loading (120 ) Tons,03:30:00.000000000,03:30:00.000000000,00:00:00.000000000,00:00:00.000000000
Thu,2024-06-27,TREVIGNON,16:10:00.000000000,20:45:00.000000000,Salt Loading (144 ) Tons,04:35:00.000000000,03:45:00.000000000,00:00:00.000000000,00:50:00.000000000
Sun,2024-06-30,ATERPE ALAI,17:15:00.000000000,19:30:00.000000000,Salt Loading (60 ) Tons,02:15:00.000000000,00:00:00.000000000,02:15:00.000000000,00:00:00.000000000
Mon,2024-07-01,ALAKRANA,10:15:00.000000000,12:30:00.000000000,Salt Loading (50 ) Tons,02:15:00.000000000,00:00:00.000000000,00:00:00.000000000,02:15:00.000000000
Mon,2024-07-01,ATERPE ALAI,20:00:00.000000000,23:00:00.000000000,Salt Loading (70 ) Tons,03:00:00.000000000,03:00:00.000000000,00:00:00.000000000,00:00:00.000000000
Tue,2024-07-02,CAP SAINT VINCENT,15:15:00.000000000,16:15:00.000000000,Salt Loading (26 ) Tons,01:00:00.000000000,00:00:00.000000000,00:00:00.000000000,01:00:00.000000000
Tue,2024-07-02,PLAYA DE ARITZATXU,17:30:00.000000000,20:07:00.000000000,Salt Loading (100 ) Tons,02:37:00.000000000,02:37:00.000000000,00:00:00.000000000,00:00:00.000000000
Tue,2024-07-02,GALERNA LAU,18:30:00.000000000,20:38:00.000000000,Salt Loading (100 ) Tons,02:08:00.000000000,02:08:00.000000000,00:00:00.000000000,00:00:00.000000000
Thu,2024-07-04,GALERNA LAU,14:45:00.000000000,17:50:00.000000000,Salt Loading (60 ) Tons,03:05:00.000000000,00:50:00.000000000,00:00:00.000000000,02:15:00.000000000
Sun,2024-07-07,GEVRED,13:40:00.000000000,15:10:00.000000000,Salt Loading (30 ) Tons,01:30:00.000000000,01:30:00.000000000,00:00:00.000000000,00:00:00.000000000
Mon,2024-07-08,EUSKADI ALAI,17:30:00.000000000,20:20:00.000000000,Salt Loading (100 ) Tons,02:50:00.000000000,02:50:00.000000000,00:00:00.000000000,00:00:00.000000000
Fri,2024-07-12,ACILA,15:00:00.000000000,19:00:00.000000000,Salt Loading (80 ) Tons,04:00:00.000000000,02:00:00.000000000,00:00:00.000000000,02:00:00.000000000
Sat,2024-07-13,GALERNA TRES,17:00:00.000000000,19:40:00.000000000,Salt Loading (60 ) Tons,02:40:00.000000000,02:40:00.000000000,00:00:00.000000000,00:00:00.000000000
Sat,2024-07-13,DOLOMIEU,18:00:00.000000000,19:00:00.000000000,Salt Loading (26 ) Tons,01:00:00.000000000,01:00:00.000000000,00:00:00.000000000,00:00:00.000000000
Sat,2024-07-13,JAI ALAI,18:30:00.000000000,23:00:00.000000000,Salt Loading (75 ) Tons,04:30:00.000000000,04:30:00.000000000,00:00:00.000000000,00:00:00.000000000
Mon,2024-07-15,ITSAS TXORI,18:15:00.000000000,22:00:00.000000000,Salt Loading (80 ) Tons,03:45:00.000000000,03:45:00.000000000,00:00:00.000000000,00:00:00.000000000
Mon,2024-07-15,TXORI TOKI,18:20:00.000000000,22:05:00.000000000,Salt Loading (100 ) Tons,03:45:00.000000000,03:45:00.000000000,00:00:00.000000000,00:00:00.000000000
Tue,2024-07-16,TXORI TOKI,18:00:00.000000000,21:35:00.000000000,Salt Loading (100 ) Tons,03:35:00.000000000,03:35:00.000000000,00:00:00.000000000,00:00:00.000000000
Tue,2024-07-16,ITSAS TXORI,19:00:00.000000000,21:30:00.000000000,Salt Loading (50 ) Tons,02:30:00.000000000,02:30:00.000000000,00:00:00.000000000,00:00:00.000000000
Fri,2024-07-19,BERNICA,13:40:00.000000000,14:08:00.000000000,Salt Loading (4 ) Tons,00:28:00.000000000,00:00:00.000000000,00:00:00.000000000,00:28:00.000000000
Sat,2024-07-20,PLAYA DE RIS,10:15:00.000000000,14:00:00.000000000,Salt Loading (110 ) Tons,03:45:00.000000000,00:00:00.000000000,00:00:00.000000000,03:45:00.000000000
Sun,2024-07-21,ARTZA,17:15:00.000000000,21:00:00.000000000,Salt Loading (125 ) Tons,03:45:00.000000000,00:00:00.000000000,03:45:00.000000000,00:00:00.000000000
Mon,2024-07-22,ARTZA,18:35:00.000000000,22:45:00.000000000,Salt Loading (125 ) Tons,04:10:00.000000000,04:10:00.000000000,00:00:00.000000000,00:00:00.000000000
Tue,2024-07-23,GEVRED,16:15:00.000000000,17:15:00.000000000,Salt Loading (20 ) Tons,01:00:00.000000000,00:15:00.000000000,00:00:00.000000000,00:45:00.000000000
Wed,2024-07-24,GEVRED,08:45:00.000000000,09:20:00.000000000,Salt Loading (16 ) Tons,00:35:00.000000000,00:00:00.000000000,00:00:00.000000000,00:35:00.000000000
Thu,2024-08-01,IZURDIA,18:00:00.000000000,22:34:00.000000000,Salt Loading (125 ) Tons,04:34:00.000000000,04:34:00.000000000,00:00:00.000000000,00:00:00.000000000
Fri,2024-08-02,ALAKRANA,17:45:00.000000000,22:00:00.000000000,Salt Loading (120 ) Tons,04:15:00.000000000,04:15:00.000000000,00:00:00.000000000,00:00:00.000000000
Fri,2024-08-02,ATERPE ALAI,18:00:00.000000000,21:15:00.000000000,Salt Loading (70 ) Tons,03:15:00.000000000,03:15:00.000000000,00:00:00.000000000,00:00:00.000000000
Fri,2024-08-02,IZURDIA,18:30:00.000000000,21:50:00.000000000,Salt Loading (125 ) Tons,03:20:00.000000000,03:20:00.000000000,00:00:00.000000000,00:00:00.000000000
Wed,2024-08-07,GLENAN,14:46:00.000000000,15:45:00.000000000,Salt Loading (60 ) Tons,00:59:00.000000000,00:00:00.000000000,00:00:00.000000000,00:59:00.000000000
Wed,2024-08-07,TREVIGNON,17:10:00.000000000,18:10:00.000000000,Salt Loading (20 ) Tons,01:00:00.000000000,01:00:00.000000000,00:00:00.000000000,00:00:00.000000000
Thu,2024-08-08,ARTZA,18:45:00.000000000,20:30:00.000000000,Salt Loading (50 ) Tons,01:45:00.000000000,01:45:00.000000000,00:00:00.000000000,00:00:00.000000000
Fri,2024-08-09,EUSKADI ALAI,17:45:00.000000000,20:45:00.000000000,Salt Loading (60 ) Tons,03:00:00.000000000,03:00:00.000000000,00:00:00.000000000,00:00:00.000000000
Fri,2024-08-09,GALERNA TRES,17:45:00.000000000,21:40:00.000000000,Salt Loading (120 ) Tons,03:55:00.000000000,03:55:00.000000000,00:00:00.000000000,00:00:00.000000000
Mon,2024-08-12,TXORI BERRI,14:00:00.000000000,15:45:00.000000000,Salt Loading (70 ) Tons,01:45:00.000000000,00:00:00.000000000,00:00:00.000000000,01:45:00.000000000
Tue,2024-08-13,JAI ALAI,18:18:00.000000000,21:09:00.000000000,Salt Loading (75 ) Tons,02:51:00.000000000,02:51:00.000000000,00:00:00.000000000,00:00:00.000000000
Wed,2024-08-14,ELAI ALAI,09:51:00.000000000,10:50:00.000000000,Salt Loading (40 ) Tons,00:59:00.000000000,00:00:00.000000000,00:00:00.000000000,00:59:00.000000000
Sat,2024-08-17,PLAYA DE RIS,13:50:00.000000000,19:00:00.000000000,Salt Loading (120 ) Tons,05:10:00.000000000,02:00:00.000000000,00:00:00.000000000,03:10:00.000000000
Thu,2024-08-22,DOLOMIEU,17:40:00.000000000,19:15:00.000000000,Salt Loading (35 ) Tons,01:35:00.000000000,01:35:00.000000000,00:00:00.000000000,00:00:00.000000000
Fri,2024-08-23,TXORI GORRI,18:00:00.000000000,20:25:00.000000000,Salt Loading (80 ) Tons,02:25:00.000000000,02:25:00.000000000,00:00:00.000000000,00:00:00.000000000
Sat,2024-08-24,TXORI AUNDI,18:26:00.000000000,19:42:00.000000000,Salt Loading (40 ) Tons,01:16:00.000000000,01:16:00.000000000,00:00:00.000000000,00:00:00.000000000
Sun,2024-08-25,CAP SAINT VINCENT,08:28:00.000000000,09:25:00.000000000,Salt Loading (20 ) Tons,00:57:00.000000000,00:57:00.000000000,00:00:00.000000000,00:00:00.000000000
Sun,2024-08-25,BERNICA,11:30:00.000000000,14:50:00.000000000,Salt Loading (115 ) Tons,03:20:00.000000000,03:20:00.000000000,00:00:00.000000000,00:00:00.000000000
Wed,2024-08-28,PLAYA DE ARITZATXU,17:45:00.000000000,19:51:00.000000000,Salt Loading (40 ) Tons,02:06:00.000000000,02:06:00.000000000,00:00:00.000000000,00:00:00.000000000
Wed,2024-08-28,GLENAN,12:30:00.000000000,14:00:00.000000000,Salt Loading (36 ) Tons,01:30:00.000000000,00:00:00.000000000,00:00:00.000000000,01:30:00.000000000
Fri,2024-08-30,IZARO,18:00:00.000000000,20:17:00.000000000,Salt Loading (80 ) Tons,02:17:00.000000000,02:17:00.000000000,00:00:00.000000000,00:00:00.000000000
Sat,2024-08-31,ATERPE ALAI,17:10:00.000000000,18:45:00.000000000,Salt Loading (45 ) Tons,01:35:00.000000000,01:35:00.000000000,00:00:00.000000000,00:00:00.000000000
Mon,2024-09-02,IZURDIA,19:00:00.000000000,22:00:00.000000000,Salt Loading (75 ) Tons,03:00:00.000000000,03:00:00.000000000,00:00:00.000000000,00:00:00.000000000
Tue,2024-09-03,IZURDIA,19:00:00.000000000,20:45:00.000000000,Salt Loading (75 ) Tons,01:45:00.000000000,01:45:00.000000000,00:00:00.000000000,00:00:00.000000000
Tue,2024-09-03,ALAKRANA,17:45:00.000000000,22:15:00.000000000,Salt Loading (100 ) Tons,04:30:00.000000000,04:30:00.000000000,00:00:00.000000000,00:00:00.000000000
Thu,2024-09-05,ALAKRANA,11:45:00.000000000,13:50:00.000000000,Salt Loading (60 ) Tons,02:05:00.000000000,00:00:00.000000000,00:00:00.000000000,02:05:00.000000000
Thu,2024-09-05,FRANCHE TERRE,17:20:00.000000000,18:32:00.000000000,Salt Loading (22 ) Tons,01:12:00.000000000,01:12:00.000000000,00:00:00.000000000,00:00:00.000000000
Wed,2024-09-11,EUSKADI ALAI,19:25:00.000000000,22:10:00.000000000,Salt Loading (45 ) Tons,02:45:00.000000000,02:45:00.000000000,00:00:00.000000000,00:00:00.000000000
Thu,2024-09-12,JAI ALAI,18:00:00.000000000,20:45:00.000000000,Salt Loading (50 ) Tons,02:45:00.000000000,02:45:00.000000000,00:00:00.000000000,00:00:00.000000000
Thu,2024-09-12,ELAI ALAI,17:45:00.000000000,19:30:00.000000000,Salt Loading (50 ) Tons,01:45:00.000000000,01:45:00.000000000,00:00:00.000000000,00:00:00.000000000
Fri,2024-09-13,ITSAS TXORI,18:00:00.000000000,21:30:00.000000000,Salt Loading (70 ) Tons,03:30:00.000000000,03:30:00.000000000,00:00:00.000000000,00:00:00.000000000
Sat,2024-09-14,ADAMAS,17:53:00.000000000,20:23:00.000000000,Salt Loading (90 ) Tons,02:30:00.000000000,02:30:00.000000000,00:00:00.000000000,00:00:00.000000000
Wed,2024-09-18,GEVRED,08:15:00.000000000,10:22:00.000000000,Salt Loading (30 ) Tons,02:07:00.000000000,00:00:00.000000000,00:00:00.000000000,02:07:00.000000000
Sat,2024-09-21,GLENAN,13:40:00.000000000,14:22:00.000000000,Salt Loading (15 ) Tons,00:42:00.000000000,00:00:00.000000000,00:00:00.000000000,00:42:00.000000000
Wed,2024-09-25,PLAYA DE ANZORAS,15:00:00.000000000,17:00:00.000000000,Salt Loading (40 ) Tons,02:00:00.000000000,00:00:00.000000000,00:00:00.000000000,02:00:00.000000000
Thu,2024-09-26,BERNICA,08:30:00.000000000,10:05:00.000000000,Salt Loading (5 ) Tons,01:35:00.000000000,00:00:00.000000000,00:00:00.000000000,01:35:00.000000000
Thu,2024-09-26,DRENNEC,13:00:00.000000000,15:30:00.000000000,Salt Loading (70 ) Tons,02:30:00.000000000,00:00:00.000000000,00:00:00.000000000,02:30:00.000000000
Fri,2024-09-27,DOLOMIEU,15:00:00.000000000,16:35:00.000000000,Salt Loading (44 ) Tons,01:35:00.000000000,00:00:00.000000000,00:00:00.000000000,01:35:00.000000000
Sat,2024-09-28,DONIENE,19:00:00.000000000,22:30:00.000000000,Salt Loading (120 ) Tons,03:30:00.000000000,03:30:00.000000000,00:00:00.000000000,00:00:00.000000000
Sun,2024-09-29,PLAYA DE ARITZATXU,14:00:00.000000000,17:20:00.000000000,Salt Loading (85 ) Tons,03:20:00.000000000,02:00:00.000000000,01:20:00.000000000,00:00:00.000000000
Tue,2024-10-01,PLAYA DE AZKORRI,10:07:00.000000000,11:27:00.000000000,Salt Loading (60 ) Tons,01:20:00.000000000,00:00:00.000000000,00:00:00.000000000,01:20:00.000000000
Wed,2024-10-02,ATERPE ALAI,18:00:00.000000000,20:00:00.000000000,Salt Loading (40 ) Tons,02:00:00.000000000,02:00:00.000000000,00:00:00.000000000,00:00:00.000000000
Fri,2024-10-04,CAP SAINT VINCENT,13:00:00.000000000,16:00:00.000000000,Salt Loading (100 ) Tons,03:00:00.000000000,00:00:00.000000000,00:00:00.000000000,03:00:00.000000000
Sat,2024-10-05,ARTZA,18:20:00.000000000,00:45:00.000000000,Salt Loading (140 ) Tons,06:25:00.000000000,05:40:00.000000000,00:45:00.000000000,00:00:00.000000000
Sat,2024-10-05,BLUE OCEAN,16:30:00.000000000,18:20:00.000000000,Salt Loading (50 ) Tons,01:50:00.000000000,01:20:00.000000000,00:00:00.000000000,00:30:00.000000000
Wed,2024-10-09,FRANCHE TERRE,17:23:00.000000000,18:23:00.000000000,Salt Loading (18 ) Tons,01:00:00.000000000,01:00:00.000000000,00:00:00.000000000,00:00:00.000000000
Wed,2024-10-09,DRENNEC,11:30:00.000000000,14:13:00.000000000,Salt Loading (30 ) Tons,02:43:00.000000000,00:00:00.000000000,00:00:00.000000000,02:43:00.000000000
Thu,2024-10-10,TXORI BERRI,18:00:00.000000000,22:40:00.000000000,Salt Loading (120 ) Tons,04:40:00.000000000,04:40:00.000000000,00:00:00.000000000,00:00:00.000000000
Fri,2024-10-11,ADAMAS,08:53:00.000000000,13:15:00.000000000,Salt Loading (100 ) Tons,04:22:00.000000000,00:00:00.000000000,00:00:00.000000000,04:22:00.000000000
Mon,2024-10-14,EUSKADI ALAI,17:45:00.000000000,20:50:00.000000000,Salt Loading (90 ) Tons,03:05:00.000000000,03:05:00.000000000,00:00:00.000000000,00:00:00.000000000
Tue,2024-10-15,TORRE ITALIA,12:40:00.000000000,15:15:00.000000000,Salt Loading (50 ) Tons,02:35:00.000000000,00:00:00.000000000,00:00:00.000000000,02:35:00.000000000
Wed,2024-10-16,ELAI ALAI,18:33:00.000000000,20:20:00.000000000,Salt Loading (50 ) Tons,01:47:00.000000000,01:47:00.000000000,00:00:00.000000000,00:00:00.000000000
Wed,2024-10-16,JAI ALAI,18:09:00.000000000,21:00:00.000000000,Salt Loading (85 ) Tons,02:51:00.000000000,02:51:00.000000000,00:00:00.000000000,00:00:00.000000000
Thu,2024-10-17,ELAI ALAI,18:00:00.000000000,19:48:00.000000000,Salt Loading (50 ) Tons,01:48:00.000000000,01:48:00.000000000,00:00:00.000000000,00:00:00.000000000
Fri,2024-10-18,PLAYA DE RIS,18:00:00.000000000,21:00:00.000000000,Salt Loading (80 ) Tons,03:00:00.000000000,03:00:00.000000000,00:00:00.000000000,00:00:00.000000000
Thu,2024-10-24,GLENAN,08:30:00.000000000,13:20:00.000000000,Salt Loading (150 ) Tons,04:50:00.000000000,00:00:00.000000000,00:00:00.000000000,04:50:00.000000000
Mon,2024-10-28,DONIENE,18:10:00.000000000,21:49:00.000000000,Salt Loading (120 ) Tons,03:39:00.000000000,03:39:00.000000000,00:00:00.000000000,00:00:00.000000000
Wed,2024-10-30,IZARO,18:19:00.000000000,00:47:00.000000000,Salt Loading (140 ) Tons,06:28:00.000000000,05:41:00.000000000,00:47:00.000000000,00:00:00.000000000
Thu,2024-10-31,DOLOMIEU,16:05:00.000000000,19:15:00.000000000,Salt Loading (90 ) Tons,03:10:00.000000000,02:15:00.000000000,00:00:00.000000000,00:55:00.000000000
Mon,2024-11-04,ATERPE ALAI,08:35:00.000000000,10:58:00.000000000,Salt Loading (55 ) Tons,02:23:00.000000000,00:00:00.000000000,00:00:00.000000000,02:23:00.000000000
Tue,2024-11-05,ALAKRANA,18:15:00.000000000,23:00:00.000000000,Salt Loading (140 ) Tons,04:45:00.000000000,04:45:00.000000000,00:00:00.000000000,00:00:00.000000000
Thu,2024-11-07,DRENNEC,16:45:00.000000000,18:35:00.000000000,Salt Loading (62 ) Tons,01:50:00.000000000,01:35:00.000000000,00:00:00.000000000,00:15:00.000000000
Sat,2024-11-09,FRANCHE TERRE,17:40:00.000000000,19:30:00.000000000,Salt Loading (30 ) Tons,01:50:00.000000000,01:50:00.000000000,00:00:00.000000000,00:00:00.000000000
Thu,2024-11-14,ARTZA,19:30:00.000000000,23:44:00.000000000,Salt Loading (150 ) Tons,04:14:00.000000000,04:14:00.000000000,00:00:00.000000000,00:00:00.000000000
Fri,2024-11-15,EUSKADI ALAI,18:40:00.000000000,22:15:00.000000000,Salt Loading (100 ) Tons,03:35:00.000000000,03:35:00.000000000,00:00:00.000000000,00:00:00.000000000
Fri,2024-11-15,TXORI BERRI,17:50:00.000000000,21:00:00.000000000,Salt Loading (80 ) Tons,03:10:00.000000000,03:10:00.000000000,00:00:00.000000000,00:00:00.000000000
Sat,2024-11-16,TXORI BERRI,18:15:00.000000000,21:00:00.000000000,Salt Loading (40 ) Tons,02:45:00.000000000,02:45:00.000000000,00:00:00.000000000,00:00:00.000000000
Mon,2024-11-18,JAI ALAI,18:00:00.000000000,21:45:00.000000000,Salt Loading (90 ) Tons,03:45:00.000000000,03:45:00.000000000,00:00:00.000000000,00:00:00.000000000
Tue,2024-11-19,DOLOMIEU,17:20:00.000000000,19:30:00.000000000,Salt Loading (26 ) Tons,02:10:00.000000000,02:10:00.000000000,00:00:00.000000000,00:00:00.000000000
Thu,2024-11-21,ELAI ALAI,19:00:00.000000000,22:43:00.000000000,Salt Loading (73 ) Tons,03:43:00.000000000,03:43:00.000000000,00:00:00.000000000,00:00:00.000000000
Thu,2024-11-21,ADAMAS,17:00:00.000000000,23:45:00.000000000,Salt Loading (100 ) Tons,06:45:00.000000000,06:45:00.000000000,00:00:00.000000000,00:00:00.000000000
Fri,2024-11-22,ELAI ALAI,12:50:00.000000000,13:17:00.000000000,Salt Loading (7 ) Tons,00:27:00.000000000,00:00:00.000000000,00:00:00.000000000,00:27:00.000000000
Mon,2024-11-25,BERNICA,17:28:00.000000000,18:30:00.000000000,Salt Loading (30 ) Tons,01:02:00.000000000,01:02:00.000000000,00:00:00.000000000,00:00:00.000000000
Wed,2024-11-27,ALBATUN DOS,17:46:00.000000000,22:29:00.000000000,Salt Loading (110 ) Tons,04:43:00.000000000,04:43:00.000000000,00:00:00.000000000,00:00:00.000000000
Thu,2024-11-28,PLAYA DE RIS,16:50:00.000000000,20:12:00.000000000,Salt Loading (50 ) Tons,03:22:00.000000000,03:12:00.000000000,00:00:00.000000000,00:10:00.000000000
Fri,2024-11-29,PLAYA DE RIS,18:05:00.000000000,22:06:00.000000000,Salt Loading (50 ) Tons,04:01:00.000000000,04:01:00.000000000,00:00:00.000000000,00:00:00.000000000
Fri,2024-11-29,IZARO,18:30:00.000000000,00:30:00.000000000,Salt Loading (90 ) Tons,06:00:00.000000000,05:30:00.000000000,00:30:00.000000000,00:00:00.000000000
Fri,2024-11-29,DRACO,15:35:00.000000000,17:52:00.000000000,Salt Loading (100 ) Tons,02:17:00.000000000,00:52:00.000000000,00:00:00.000000000,01:25:00.000000000
Sat,2024-11-30,DRACO,17:45:00.000000000,18:30:00.000000000,Salt Loading (100 ) Tons,00:45:00.000000000,00:45:00.000000000,00:00:00.000000000,00:00:00.000000000
Sun,2024-12-01,IZARO,08:36:00.000000000,13:30:00.000000000,Salt Loading (90 ) Tons,04:54:00.000000000,04:54:00.000000000,00:00:00.000000000,00:00:00.000000000
Tue,2024-12-03,ALAKRANA,17:45:00.000000000,23:45:00.000000000,Salt Loading (120 ) Tons,06:00:00.000000000,06:00:00.000000000,00:00:00.000000000,00:00:00.000000000
Wed,2024-12-04,ALAKRANA,17:45:00.000000000,18:40:00.000000000,Salt Loading (20 ) Tons,00:55:00.000000000,00:55:00.000000000,00:00:00.000000000,00:00:00.000000000
Sat,2024-12-07,ATERPE ALAI,18:10:00.000000000,01:10:00.000000000,Salt Loading (112 ) Tons,07:00:00.000000000,05:50:00.000000000,01:10:00.000000000,00:00:00.000000000
Sat,2024-12-07,TXORI GORRI,17:50:00.000000000,19:00:00.000000000,Salt Loading (40 ) Tons,01:10:00.000000000,01:10:00.000000000,00:00:00.000000000,00:00:00.000000000
Sat,2024-12-07,FRANCHE TERRE,09:00:00.000000000,14:30:00.000000000,Salt Loading (116 ) Tons,05:30:00.000000000,00:00:00.000000000,00:00:00.000000000,05:30:00.000000000
Tue,2024-12-10,ATERPE ALAI,12:09:00.000000000,12:30:00.000000000,Salt Loading (8 ) Tons,00:21:00.000000000,00:00:00.000000000,00:00:00.000000000,00:21:00.000000000
Sat,2024-12-14,CAPE CORAL,15:45:00.000000000,19:30:00.000000000,Salt Loading (130 ) Tons,03:45:00.000000000,02:30:00.000000000,00:00:00.000000000,01:15:00.000000000
Mon,2024-12-16,EUSKADI ALAI,18:30:00.000000000,21:43:00.000000000,Salt Loading (80 ) Tons,03:13:00.000000000,03:13:00.000000000,00:00:00.000000000,00:00:00.000000000
Tue,2024-12-17,JAI ALAI,18:38:00.000000000,21:45:00.000000000,Salt Loading (106 ) Tons,03:07:00.000000000,03:07:00.000000000,00:00:00.000000000,00:00:00.000000000
Tue,2024-12-17,ITSAS TXORI,18:20:00.000000000,21:00:00.000000000,Salt Loading (100 ) Tons,02:40:00.000000000,02:40:00.000000000,00:00:00.000000000,00:00:00.000000000
Wed,2024-12-18,JAI ALAI,17:30:00.000000000,20:25:00.000000000,Salt Loading (100 ) Tons,02:55:00.000000000,02:55:00.000000000,00:00:00.000000000,00:00:00.000000000
Wed,2024-12-18,DOLOMIEU,17:30:00.000000000,18:15:00.000000000,Salt Loading (17 ) Tons,00:45:00.000000000,00:45:00.000000000,00:00:00.000000000,00:00:00.000000000
Wed,2024-12-18,ITSAS TXORI,17:00:00.000000000,19:30:00.000000000,Salt Loading (60 ) Tons,02:30:00.000000000,02:30:00.000000000,00:00:00.000000000,00:00:00.000000000
Thu,2024-12-19,JAI ALAI,11:15:00.000000000,12:20:00.000000000,Salt Loading (40 ) Tons,01:05:00.000000000,00:00:00.000000000,00:00:00.000000000,01:05:00.000000000
Sun,2024-12-22,TXORI ARGI,18:10:00.000000000,21:15:00.000000000,Salt Loading (100 ) Tons,03:05:00.000000000,00:00:00.000000000,03:05:00.000000000,00:00:00.000000000
Mon,2024-12-23,TXORI ARGI,19:15:00.000000000,22:15:00.000000000,Salt Loading (100 ) Tons,03:00:00.000000000,03:00:00.000000000,00:00:00.000000000,00:00:00.000000000
Fri,2024-12-27,IZARO,14:43:00.000000000,17:00:00.000000000,Salt Loading (60 ) Tons,02:17:00.000000000,00:00:00.000000000,00:00:00.000000000,02:17:00.000000000
Mon,2024-12-30,BERNICA,17:40:00.000000000,18:50:00.000000000,Salt Loading (22 ) Tons,01:10:00.000000000,01:10:00.000000000,00:00:00.000000000,00:00:00.000000000
Mon,2024-12-30,FRANCHE TERRE,17:23:00.000000000,18:00:00.000000000,Salt Loading (8 ) Tons,00:37:00.000000000,00:37:00.000000000,00:00:00.000000000,00:00:00.000000000
Fri,2025-01-03,ATERPE ALAI,09:25:00.000000000,11:56:00.000000000,Salt Loading (30 ) Tons,02:31:00.000000000,00:00:00.000000000,00:00:00.000000000,02:31:00.000000000
Sat,2025-01-04,ARTZA,18:30:00.000000000,20:14:00.000000000,Salt Loading (80 ) Tons,01:44:00.000000000,01:44:00.000000000,00:00:00.000000000,00:00:00.000000000
Mon,2025-01-06,ARTZA,18:20:00.000000000,20:20:00.000000000,Salt Loading (80 ) Tons,02:00:00.000000000,02:00:00.000000000,00:00:00.000000000,00:00:00.000000000
Mon,2025-01-06,DOLOMIEU,17:30:00.000000000,18:44:00.000000000,Salt Loading (39 ) Tons,01:14:00.000000000,01:14:00.000000000,00:00:00.000000000,00:00:00.000000000
Tue,2025-01-14,EUSKADI ALAI,18:08:00.000000000,19:00:00.000000000,Salt Loading (30 ) Tons,00:52:00.000000000,00:52:00.000000000,00:00:00.000000000,00:00:00.000000000
Tue,2025-01-14,FRANCHE TERRE,17:15:00.000000000,17:45:00.000000000,Salt Loading (6 ) Tons,00:30:00.000000000,00:30:00.000000000,00:00:00.000000000,00:00:00.000000000
Mon,2025-01-20,IZURDIA,17:45:00.000000000,22:30:00.000000000,Salt Loading (125 ) Tons,04:45:00.000000000,04:45:00.000000000,00:00:00.000000000,00:00:00.000000000
Tue,2025-01-21,IZURDIA,18:30:00.000000000,22:50:00.000000000,Salt Loading (125 ) Tons,04:20:00.000000000,04:20:00.000000000,00:00:00.000000000,00:00:00.000000000
Thu,2025-01-23,ELAI ALAI,18:00:00.000000000,20:00:00.000000000,Salt Loading (60 ) Tons,02:00:00.000000000,02:00:00.000000000,00:00:00.000000000,00:00:00.000000000
Sat,2025-01-25,DONIENE,18:15:00.000000000,20:25:00.000000000,Salt Loading (80 ) Tons,02:10:00.000000000,02:10:00.000000000,00:00:00.000000000,00:00:00.000000000
Sat,2025-01-25,TXORI AUNDI,18:00:00.000000000,23:15:00.000000000,Salt Loading (60 ) Tons,05:15:00.000000000,05:15:00.000000000,00:00:00.000000000,00:00:00.000000000
Sat,2025-01-25,JAI ALAI,18:30:00.000000000,22:40:00.000000000,Salt Loading (100 ) Tons,04:10:00.000000000,04:10:00.000000000,00:00:00.000000000,00:00:00.000000000
Mon,2025-01-27,TXORI AUNDI,18:30:00.000000000,21:36:00.000000000,Salt Loading (50 ) Tons,03:06:00.000000000,03:06:00.000000000,00:00:00.000000000,00:00:00.000000000
Tue,2025-01-28,TXORI ZURI,18:00:00.000000000,22:10:00.000000000,Salt Loading (90 ) Tons,04:10:00.000000000,04:10:00.000000000,00:00:00.000000000,00:00:00.000000000
Wed,2025-01-29,IZARO,17:50:00.000000000,20:40:00.000000000,Salt Loading (100 ) Tons,02:50:00.000000000,02:50:00.000000000,00:00:00.000000000,00:00:00.000000000
Fri,2025-01-31,PLAYA DE AZKORRI,19:00:00.000000000,00:30:00.000000000,Salt Loading (120 ) Tons,05:30:00.000000000,05:00:00.000000000,00:30:00.000000000,00:00:00.000000000
Wed,2025-02-05,ARTZA,19:02:00.000000000,21:34:00.000000000,Salt Loading (120 ) Tons,02:32:00.000000000,02:32:00.000000000,00:00:00.000000000,00:00:00.000000000
Sat,2025-02-08,ATERPE ALAI,17:35:00.000000000,21:06:00.000000000,Salt Loading (90 ) Tons,03:31:00.000000000,03:31:00.000000000,00:00:00.000000000,00:00:00.000000000
Mon,2025-02-10,TXORI ARGI,19:00:00.000000000,22:30:00.000000000,Salt Loading (100 ) Tons,03:30:00.000000000,03:30:00.000000000,00:00:00.000000000,00:00:00.000000000
Mon,2025-02-10,DOLOMIEU,17:18:00.000000000,19:05:00.000000000,Salt Loading (42 ) Tons,01:47:00.000000000,01:47:00.000000000,00:00:00.000000000,00:00:00.000000000
Tue,2025-02-11,TXORI ARGI,18:30:00.000000000,21:30:00.000000000,Salt Loading (100 ) Tons,03:00:00.000000000,03:00:00.000000000,00:00:00.000000000,00:00:00.000000000
Tue,2025-02-11,ALAKRANA,17:50:00.000000000,20:40:00.000000000,Salt Loading (100 ) Tons,02:50:00.000000000,02:50:00.000000000,00:00:00.000000000,00:00:00.000000000
Thu,2025-02-13,TXORI ZURI,18:05:00.000000000,21:05:00.000000000,Salt Loading (70 ) Tons,03:00:00.000000000,03:00:00.000000000,00:00:00.000000000,00:00:00.000000000
Fri,2025-02-14,TXORI GORRI,17:30:00.000000000,19:30:00.000000000,Salt Loading (80 ) Tons,02:00:00.000000000,02:00:00.000000000,00:00:00.000000000,00:00:00.000000000
Fri,2025-02-14,TXORI ZURI,18:10:00.000000000,20:30:00.000000000,Salt Loading (60 ) Tons,02:20:00.000000000,02:20:00.000000000,00:00:00.000000000,00:00:00.000000000
Tue,2025-02-18,IZARO,18:00:00.000000000,22:30:00.000000000,Salt Loading (130 ) Tons,04:30:00.000000000,04:30:00.000000000,00:00:00.000000000,00:00:00.000000000
Wed,2025-02-19,EUSKADI ALAI,17:30:00.000000000,22:00:00.000000000,Salt Loading (110 ) Tons,04:30:00.000000000,04:30:00.000000000,00:00:00.000000000,00:00:00.000000000
Fri,2025-02-21,GALERNA DOS,18:20:00.000000000,20:20:00.000000000,Salt Loading (80 ) Tons,02:00:00.000000000,02:00:00.000000000,00:00:00.000000000,00:00:00.000000000
Sat,2025-02-22,GALERNA DOS,17:30:00.000000000,19:30:00.000000000,Salt Loading (80 ) Tons,02:00:00.000000000,02:00:00.000000000,00:00:00.000000000,00:00:00.000000000
Sun,2025-02-23,JAI ALAI,16:49:00.000000000,20:15:00.000000000,Salt Loading (120 ) Tons,03:26:00.000000000,00:00:00.000000000,03:26:00.000000000,00:00:00.000000000
Sun,2025-02-23,ELAI ALAI,14:35:00.000000000,19:30:00.000000000,Salt Loading (90 ) Tons,04:55:00.000000000,01:25:00.000000000,03:30:00.000000000,00:00:00.000000000
Fri,2025-02-28,TORRE ITALIA,09:10:00.000000000,14:40:00.000000000,Salt Loading (76 ) Tons,05:30:00.000000000,00:00:00.000000000,00:00:00.000000000,05:30:00.000000000
Sun,2025-03-02,HAWWA,13:05:00.000000000,15:19:00.000000000,Salt Loading (40 ) Tons,02:14:00.000000000,02:14:00.000000000,00:00:00.000000000,00:00:00.000000000
Mon,2025-03-03,IZURDIA,19:00:00.000000000,21:30:00.000000000,Salt Loading (90 ) Tons,02:30:00.000000000,02:30:00.000000000,00:00:00.000000000,00:00:00.000000000
Tue,2025-03-04,IZURDIA,19:00:00.000000000,22:00:00.000000000,Salt Loading (90 ) Tons,03:00:00.000000000,03:00:00.000000000,00:00:00.000000000,00:00:00.000000000
Tue,2025-03-04,LAYLA,13:00:00.000000000,15:30:00.000000000,Salt Loading (55 ) Tons,02:30:00.000000000,00:00:00.000000000,00:00:00.000000000,02:30:00.000000000
Fri,2025-03-07,NOUR,08:30:00.000000000,12:00:00.000000000,Salt Loading (62 ) Tons,03:30:00.000000000,00:00:00.000000000,00:00:00.000000000,03:30:00.000000000
Fri,2025-03-07,TXORI ZURI,18:04:00.000000000,21:14:00.000000000,Salt Loading (70 ) Tons,03:10:00.000000000,03:10:00.000000000,00:00:00.000000000,00:00:00.000000000
Sat,2025-03-08,ATERPE ALAI,08:10:00.000000000,10:12:00.000000000,Salt Loading (60 ) Tons,02:02:00.000000000,00:00:00.000000000,00:00:00.000000000,02:02:00.000000000
Thu,2025-03-13,ACILA,11:50:00.000000000,15:25:00.000000000,Salt Loading (100 ) Tons,03:35:00.000000000,00:00:00.000000000,00:00:00.000000000,03:35:00.000000000
Thu,2025-03-13,BERNICA,17:45:00.000000000,18:40:00.000000000,Salt Loading (24 ) Tons,00:55:00.000000000,00:55:00.000000000,00:00:00.000000000,00:00:00.000000000
Sun,2025-03-16,PACIFIC STAR,16:59:00.000000000,20:45:00.000000000,Salt Loading (140 ) Tons,03:46:00.000000000,00:00:00.000000000,03:46:00.000000000,00:00:00.000000000
Thu,2025-03-20,EUSKADI ALAI,18:10:00.000000000,22:20:00.000000000,Salt Loading (90 ) Tons,04:10:00.000000000,04:10:00.000000000,00:00:00.000000000,00:00:00.000000000
Fri,2025-03-21,NOUR,13:50:00.000000000,18:45:00.000000000,Salt Loading (94 ) Tons,04:55:00.000000000,01:45:00.000000000,00:00:00.000000000,03:10:00.000000000
Tue,2025-03-25,TXORI AUNDI,18:45:00.000000000,21:15:00.000000000,Salt Loading (60 ) Tons,02:30:00.000000000,02:30:00.000000000,00:00:00.000000000,00:00:00.000000000
Wed,2025-03-26,TXORI AUNDI,17:40:00.000000000,19:25:00.000000000,Salt Loading (60 ) Tons,01:45:00.000000000,01:45:00.000000000,00:00:00.000000000,00:00:00.000000000
Fri,2025-03-28,FRANCHE TERRE,17:30:00.000000000,19:00:00.000000000,Salt Loading (30 ) Tons,01:30:00.000000000,01:30:00.000000000,00:00:00.000000000,00:00:00.000000000
Sat,2025-03-29,HAWWA,14:15:00.000000000,16:10:00.000000000,Salt Loading (28 ) Tons,01:55:00.000000000,00:00:00.000000000,00:00:00.000000000,01:55:00.000000000
Mon,2025-03-31,IZARO,17:55:00.000000000,21:15:00.000000000,Salt Loading (110 ) Tons,03:20:00.000000000,03:20:00.000000000,00:00:00.000000000,00:00:00.000000000
Mon,2025-03-31,ADAMAS,19:50:00.000000000,00:30:00.000000000,Salt Loading (100 ) Tons,04:40:00.000000000,04:10:00.000000000,00:30:00.000000000,00:00:00.000000000
Tue,2025-04-01,IZURDIA,18:00:00.000000000,23:05:00.000000000,Salt Loading (110 ) Tons,05:05:00.000000000,05:05:00.000000000,00:00:00.000000000,00:00:00.000000000
Thu,2025-04-03,ALBACORA CUATRO,17:40:00.000000000,20:06:00.000000000,Salt Loading (65 ) Tons,02:26:00.000000000,02:26:00.000000000,00:00:00.000000000,00:00:00.000000000
Fri,2025-04-04,DONIENE,18:35:00.000000000,00:45:00.000000000,Salt Loading (95 ) Tons,06:10:00.000000000,05:25:00.000000000,00:45:00.000000000,00:00:00.000000000
Sat,2025-04-05,DONIENE,18:30:00.000000000,23:15:00.000000000,Salt Loading (95 ) Tons,04:45:00.000000000,04:45:00.000000000,00:00:00.000000000,00:00:00.000000000
Sat,2025-04-05,LAYLA,18:30:00.000000000,22:50:00.000000000,Salt Loading (64 ) Tons,04:20:00.000000000,04:20:00.000000000,00:00:00.000000000,00:00:00.000000000
Tue,2025-04-08,ACILA,11:50:00.000000000,13:35:00.000000000,Salt Loading (40 ) Tons,01:45:00.000000000,00:00:00.000000000,00:00:00.000000000,01:45:00.000000000
Fri,2025-04-11,TXORI ARGI,18:20:00.000000000,20:55:00.000000000,Salt Loading (90 ) Tons,02:35:00.000000000,02:35:00.000000000,00:00:00.000000000,00:00:00.000000000
Sat,2025-04-12,TXORI ARGI,18:18:00.000000000,20:34:00.000000000,Salt Loading (90 ) Tons,02:16:00.000000000,02:16:00.000000000,00:00:00.000000000,00:00:00.000000000
Sat,2025-04-12,ELAI ALAI,18:00:00.000000000,21:00:00.000000000,Salt Loading (60 ) Tons,03:00:00.000000000,03:00:00.000000000,00:00:00.000000000,00:00:00.000000000
Mon,2025-04-14,NOUR,08:15:00.000000000,10:15:00.000000000,Salt Loading (68 ) Tons,02:00:00.000000000,00:00:00.000000000,00:00:00.000000000,02:00:00.000000000
Tue,2025-04-15,BERNICA,17:45:00.000000000,19:15:00.000000000,Salt Loading (30 ) Tons,01:30:00.000000000,01:30:00.000000000,00:00:00.000000000,00:00:00.000000000
Wed,2025-04-16,TXORI ZURI,18:20:00.000000000,22:30:00.000000000,Salt Loading (80 ) Tons,04:10:00.000000000,04:10:00.000000000,00:00:00.000000000,00:00:00.000000000
Thu,2025-04-17,ITSAS TXORI,18:00:00.000000000,20:30:00.000000000,Salt Loading (80 ) Tons,02:30:00.000000000,02:30:00.000000000,00:00:00.000000000,00:00:00.000000000
Thu,2025-04-17,TXORI ZURI,17:45:00.000000000,20:00:00.000000000,Salt Loading (80 ) Tons,02:15:00.000000000,02:15:00.000000000,00:00:00.000000000,00:00:00.000000000
PH,2025-04-18,ITSAS TXORI,17:00:00.000000000,19:30:00.000000000,Salt Loading (80 ) Tons,02:30:00.000000000,00:00:00.000000000,02:30:00.000000000,00:00:00.000000000
PH,2025-04-19,HAWWA,08:16:00.000000000,13:50:00.000000000,Salt Loading (140 ) Tons,05:34:00.000000000,05:34:00.000000000,00:00:00.000000000,00:00:00.000000000
Sun,2025-04-20,EUSKADI ALAI,17:10:00.000000000,18:14:00.000000000,Salt Loading (30 ) Tons,01:04:00.000000000,00:00:00.000000000,01:04:00.000000000,00:00:00.000000000
Wed,2025-04-23,ELAI ALAI,18:45:00.000000000,20:22:00.000000000,Salt Loading (60 ) Tons,01:37:00.000000000,01:37:00.000000000,00:00:00.000000000,00:00:00.000000000
Sat,2025-04-26,IZARO,17:45:00.000000000,23:40:00.000000000,Salt Loading (120 ) Tons,05:55:00.000000000,05:55:00.000000000,00:00:00.000000000,00:00:00.000000000
Sun,2025-04-27,FRANCHE TERRE,16:20:00.000000000,18:00:00.000000000,Salt Loading (30 ) Tons,01:40:00.000000000,00:00:00.000000000,01:40:00.000000000,00:00:00.000000000
Mon,2025-04-28,LAYLA,08:20:00.000000000,13:00:00.000000000,Salt Loading (78 ) Tons,04:40:00.000000000,00:00:00.000000000,00:00:00.000000000,04:40:00.000000000
Wed,2025-04-30,ATERPE ALAI,17:30:00.000000000,18:30:00.000000000,Salt Loading (10 ) Tons,01:00:00.000000000,01:00:00.000000000,00:00:00.000000000,00:00:00.000000000
Wed,2025-04-30,VASCO,14:15:00.000000000,15:53:00.000000000,Salt Loading (40 ) Tons,01:38:00.000000000,00:00:00.000000000,00:00:00.000000000,01:38:00.000000000
Wed,2025-05-07,IZURDIA,18:10:00.000000000,21:35:00.000000000,Salt Loading (110 ) Tons,03:25:00.000000000,03:25:00.000000000,00:00:00.000000000,00:00:00.000000000
Wed,2025-05-07,PLAYA DE RIS,19:10:00.000000000,04:30:00.000000000,Salt Loading (120 ) Tons,09:20:00.000000000,04:50:00.000000000,04:30:00.000000000,00:00:00.000000000
Thu,2025-05-08,ACILA,17:35:00.000000000,19:25:00.000000000,Salt Loading (30 ) Tons,01:50:00.000000000,01:50:00.000000000,00:00:00.000000000,00:00:00.000000000
Sat,2025-05-10,ATERPE ALAI,18:12:00.000000000,22:05:00.000000000,Salt Loading (120 ) Tons,03:53:00.000000000,03:53:00.000000000,00:00:00.000000000,00:00:00.000000000
Mon,2025-05-12,ALBACORA CUATRO,18:30:00.000000000,21:00:00.000000000,Salt Loading (70 ) Tons,02:30:00.000000000,02:30:00.000000000,00:00:00.000000000,00:00:00.000000000
Tue,2025-05-13,DONIENE,19:15:00.000000000,22:18:00.000000000,Salt Loading (70 ) Tons,03:03:00.000000000,03:03:00.000000000,00:00:00.000000000,00:00:00.000000000
Tue,2025-05-13,TXORI BERRI,18:00:00.000000000,19:50:00.000000000,Salt Loading (70 ) Tons,01:50:00.000000000,01:50:00.000000000,00:00:00.000000000,00:00:00.000000000
Fri,2025-05-16,ALAKRANA,18:40:00.000000000,00:45:00.000000000,Salt Loading (120 ) Tons,06:05:00.000000000,05:20:00.000000000,00:45:00.000000000,00:00:00.000000000
Sat,2025-05-17,ADAMAS,17:40:00.000000000,02:46:00.000000000,Salt Loading (96 ) Tons,09:06:00.000000000,06:20:00.000000000,02:46:00.000000000,00:00:00.000000000
Sun,2025-05-18,ADAMAS,16:35:00.000000000,17:34:00.000000000,Salt Loading (14 ) Tons,00:59:00.000000000,00:00:00.000000000,00:59:00.000000000,00:00:00.000000000
Thu,2025-05-22,BERNICA,13:10:00.000000000,17:00:00.000000000,Salt Loading (110 ) Tons,03:50:00.000000000,00:00:00.000000000,00:00:00.000000000,03:50:00.000000000
Thu,2025-05-22,ELAI ALAI,18:30:00.000000000,00:45:00.000000000,Salt Loading (120 ) Tons,06:15:00.000000000,05:30:00.000000000,00:45:00.000000000,00:00:00.000000000
Thu,2025-05-22,FRANCHE TERRE,13:35:00.000000000,21:15:00.000000000,Salt Loading (120 ) Tons,07:40:00.000000000,04:15:00.000000000,00:00:00.000000000,03:25:00.000000000
Fri,2025-05-23,DONIENE,18:00:00.000000000,21:40:00.000000000,Salt Loading (100 ) Tons,03:40:00.000000000,03:40:00.000000000,00:00:00.000000000,00:00:00.000000000
Sat,2025-05-24,DONIENE,18:00:00.000000000,21:00:00.000000000,Salt Loading (100 ) Tons,03:00:00.000000000,03:00:00.000000000,00:00:00.000000000,00:00:00.000000000
Thu,2025-05-29,IZURDIA,18:05:00.000000000,21:50:00.000000000,Salt Loading (110 ) Tons,03:45:00.000000000,03:45:00.000000000,00:00:00.000000000,00:00:00.000000000
Sat,2025-05-31,IZURDIA,20:00:00.000000000,23:59:00.000000000,Salt Loading (110 ) Tons,03:59:00.000000000,03:59:00.000000000,00:00:00.000000000,00:00:00.000000000
Sat,2025-05-31,IZARO,18:00:00.000000000,21:48:00.000000000,Salt Loading (140 ) Tons,03:48:00.000000000,03:48:00.000000000,00:00:00.000000000,00:00:00.000000000
Tue,2025-06-10,ATERPE ALAI,16:10:00.000000000,19:37:00.000000000,Salt Loading (75 ) Tons,03:27:00.000000000,02:37:00.000000000,00:00:00.000000000,00:50:00.000000000
PH,2025-06-18,TXORI BERRI,17:20:00.000000000,21:49:00.000000000,Salt Loading (80 ) Tons,04:29:00.000000000,00:00:00.000000000,04:29:00.000000000,00:00:00.000000000
Fri,2025-06-20,TXORI GORRI,18:20:00.000000000,22:35:00.000000000,Salt Loading (120 ) Tons,04:15:00.000000000,04:15:00.000000000,00:00:00.000000000,00:00:00.000000000
Sun,2025-06-22,AVEL VAD,08:20:00.000000000,09:20:00.000000000,Salt Loading (25 ) Tons,01:00:00.000000000,01:00:00.000000000,00:00:00.000000000,00:00:00.000000000
Tue,2025-06-24,JAI ALAI,19:00:00.000000000,22:00:00.000000000,Salt Loading (80 ) Tons,03:00:00.000000000,03:00:00.000000000,00:00:00.000000000,00:00:00.000000000
Thu,2025-06-26,ELAI ALAI,18:20:00.000000000,22:00:00.000000000,Salt Loading (70 ) Tons,03:40:00.000000000,03:40:00.000000000,00:00:00.000000000,00:00:00.000000000
Tue,2025-07-01,IZARO,16:15:00.000000000,18:00:00.000000000,Salt Loading (65 ) Tons,01:45:00.000000000,01:00:00.000000000,00:00:00.000000000,00:45:00.000000000
Thu,2025-07-03,HAWWA,12:40:00.000000000,13:40:00.000000000,Salt Loading (15 ) Tons,01:00:00.000000000,00:00:00.000000000,00:00:00.000000000,01:00:00.000000000
Fri,2025-07-04,IZURDIA,18:20:00.000000000,22:29:00.000000000,Salt Loading (84 ) Tons,04:09:00.000000000,04:09:00.000000000,00:00:00.000000000,00:00:00.000000000
Sat,2025-07-05,IZURDIA,18:10:00.000000000,20:41:00.000000000,Salt Loading (56 ) Tons,02:31:00.000000000,02:31:00.000000000,00:00:00.000000000,00:00:00.000000000
Mon,2025-07-07,DONIENE,18:20:00.000000000,22:30:00.000000000,Salt Loading (120 ) Tons,04:10:00.000000000,04:10:00.000000000,00:00:00.000000000,00:00:00.000000000
Wed,2025-07-09,ATERPE ALAI,18:00:00.000000000,20:00:00.000000000,Salt Loading (45 ) Tons,02:00:00.000000000,02:00:00.000000000,00:00:00.000000000,00:00:00.000000000
Thu,2025-07-10,LAYLA,08:20:00.000000000,10:27:00.000000000,Salt Loading (65 ) Tons,02:07:00.000000000,00:00:00.000000000,00:00:00.000000000,02:07:00.000000000
Tue,2025-07-15,TXORI BERRI,17:30:00.000000000,18:58:00.000000000,Salt Loading (40 ) Tons,01:28:00.000000000,01:28:00.000000000,00:00:00.000000000,00:00:00.000000000
Wed,2025-07-16,TXORI BERRI,16:10:00.000000000,17:05:00.000000000,Salt Loading (30 ) Tons,00:55:00.000000000,00:05:00.000000000,00:00:00.000000000,00:50:00.000000000
Thu,2025-07-17,NOUR,13:05:00.000000000,14:40:00.000000000,Salt Loading (28 ) Tons,01:35:00.000000000,00:00:00.000000000,00:00:00.000000000,01:35:00.000000000
Thu,2025-07-17,TXORI TOKI,09:10:00.000000000,13:23:00.000000000,Salt Loading (140 ) Tons,04:13:00.000000000,00:00:00.000000000,00:00:00.000000000,04:13:00.000000000
Fri,2025-07-18,ALAKRANA,18:54:00.000000000,00:00:00.000000000,Salt Loading (130 ) Tons,05:06:00.000000000,05:06:00.000000000,00:00:00.000000000,00:00:00.000000000
Mon,2025-07-21,JAI ALAI,18:00:00.000000000,20:05:00.000000000,Salt Loading (70 ) Tons,02:05:00.000000000,02:05:00.000000000,00:00:00.000000000,00:00:00.000000000
Tue,2025-07-22,JAI ALAI,17:45:00.000000000,20:30:00.000000000,Salt Loading (80 ) Tons,02:45:00.000000000,02:45:00.000000000,00:00:00.000000000,00:00:00.000000000
Wed,2025-07-23,EUSKADI ALAI,18:10:00.000000000,21:25:00.000000000,Salt Loading (50 ) Tons,03:15:00.000000000,03:15:00.000000000,00:00:00.000000000,00:00:00.000000000
Fri,2025-07-25,ELAI ALAI,17:40:00.000000000,19:35:00.000000000,Salt Loading (60 ) Tons,01:55:00.000000000,01:55:00.000000000,00:00:00.000000000,00:00:00.000000000
Mon,2025-07-28,ALBACORA CUATRO,17:30:00.000000000,20:20:00.000000000,Salt Loading (70 ) Tons,02:50:00.000000000,02:50:00.000000000,00:00:00.000000000,00:00:00.000000000
Wed,2025-07-30,LAYLA,13:55:00.000000000,17:17:00.000000000,Salt Loading (54 ) Tons,03:22:00.000000000,00:17:00.000000000,00:00:00.000000000,03:05:00.000000000
Sun,2025-08-03,DRACO,19:25:00.000000000,21:20:00.000000000,Salt Loading (80 ) Tons,01:55:00.000000000,00:00:00.000000000,01:55:00.000000000,00:00:00.000000000
Sun,2025-08-03,IZARO,17:20:00.000000000,18:32:00.000000000,Salt Loading (30 ) Tons,01:12:00.000000000,00:00:00.000000000,01:12:00.000000000,00:00:00.000000000
Tue,2025-08-05,ATERPE ALAI,19:00:00.000000000,20:20:00.000000000,Salt Loading (40 ) Tons,01:20:00.000000000,01:20:00.000000000,00:00:00.000000000,00:00:00.000000000
Sat,2025-08-09,DONIENE,17:20:00.000000000,21:20:00.000000000,Salt Loading (80 ) Tons,04:00:00.000000000,04:00:00.000000000,00:00:00.000000000,00:00:00.000000000
Tue,2025-08-12,FRANCHE TERRE,17:10:00.000000000,18:04:00.000000000,Salt Loading (28 ) Tons,00:54:00.000000000,00:54:00.000000000,00:00:00.000000000,00:00:00.000000000
Thu,2025-08-14,IZURDIA,18:20:00.000000000,21:50:00.000000000,Salt Loading (100 ) Tons,03:30:00.000000000,03:30:00.000000000,00:00:00.000000000,00:00:00.000000000
Thu,2025-08-14,TXORI BERRI,18:15:00.000000000,20:10:00.000000000,Salt Loading (80 ) Tons,01:55:00.000000000,01:55:00.000000000,00:00:00.000000000,00:00:00.000000000
Mon,2025-08-18,TXORI GORRI,17:47:00.000000000,20:31:00.000000000,Salt Loading (135 ) Tons,02:44:00.000000000,02:44:00.000000000,00:00:00.000000000,00:00:00.000000000
Tue,2025-08-19,ITSAS TXORI,17:50:00.000000000,21:20:00.000000000,Salt Loading (80 ) Tons,03:30:00.000000000,03:30:00.000000000,00:00:00.000000000,00:00:00.000000000
Wed,2025-08-20,ITSAS TXORI,17:54:00.000000000,21:00:00.000000000,Salt Loading (80 ) Tons,03:06:00.000000000,03:06:00.000000000,00:00:00.000000000,00:00:00.000000000
Fri,2025-08-22,AVEL VAD,08:20:00.000000000,09:45:00.000000000,Salt Loading (30 ) Tons,01:25:00.000000000,00:00:00.000000000,00:00:00.000000000,01:25:00.000000000
Fri,2025-08-22,ALAKRANA,18:00:00.000000000,20:22:00.000000000,Salt Loading (70 ) Tons,02:22:00.000000000,02:22:00.000000000,00:00:00.000000000,00:00:00.000000000
Sat,2025-08-23,EUSKADI ALAI,18:15:00.000000000,21:20:00.000000000,Salt Loading (100 ) Tons,03:05:00.000000000,03:05:00.000000000,00:00:00.000000000,00:00:00.000000000
Tue,2025-08-26,JAI ALAI,17:45:00.000000000,00:00:00.000000000,Salt Loading (140 ) Tons,06:15:00.000000000,06:15:00.000000000,00:00:00.000000000,00:00:00.000000000
Wed,2025-08-27,ELAI ALAI,17:30:00.000000000,18:30:00.000000000,Salt Loading (60 ) Tons,01:00:00.000000000,01:00:00.000000000,00:00:00.000000000,00:00:00.000000000
Fri,2025-08-29,IZARO,18:30:00.000000000,20:35:00.000000000,Salt Loading (70 ) Tons,02:05:00.000000000,02:05:00.000000000,00:00:00.000000000,00:00:00.000000000
Mon,2025-09-01,BERNICA,17:20:00.000000000,19:25:00.000000000,Salt Loading (50 ) Tons,02:05:00.000000000,02:05:00.000000000,00:00:00.000000000,00:00:00.000000000
Tue,2025-09-02,PACIFIC STAR,08:20:00.000000000,10:25:00.000000000,Salt Loading (80 ) Tons,02:05:00.000000000,00:00:00.000000000,00:00:00.000000000,02:05:00.000000000
Wed,2025-09-03,HAWWA,16:40:00.000000000,18:05:00.000000000,Salt Loading (32 ) Tons,01:25:00.000000000,01:05:00.000000000,00:00:00.000000000,00:20:00.000000000
Fri,2025-09-05,PACIFIC STAR,08:35:00.000000000,10:45:00.000000000,Salt Loading (80 ) Tons,02:10:00.000000000,00:00:00.000000000,00:00:00.000000000,02:10:00.000000000
Sat,2025-09-06,ADAMAS,13:30:00.000000000,15:20:00.000000000,Salt Loading (40 ) Tons,01:50:00.000000000,00:00:00.000000000,00:00:00.000000000,01:50:00.000000000
Sat,2025-09-06,PACIFIC STAR,19:55:00.000000000,20:30:00.000000000,Salt Loading (5 ) Tons,00:35:00.000000000,00:35:00.000000000,00:00:00.000000000,00:00:00.000000000
Mon,2025-09-08,PACIFIC STAR,20:00:00.000000000,01:05:00.000000000,Salt Loading (284 ) Tons,05:05:00.000000000,04:00:00.000000000,01:05:00.000000000,00:00:00.000000000
Wed,2025-09-10,NOUR,14:45:00.000000000,20:20:00.000000000,Salt Loading (150 ) Tons,05:35:00.000000000,03:20:00.000000000,00:00:00.000000000,02:15:00.000000000
Wed,2025-09-10,ALBACORA CUATRO,18:15:00.000000000,20:40:00.000000000,Salt Loading (70 ) Tons,02:25:00.000000000,02:25:00.000000000,00:00:00.000000000,00:00:00.000000000
Sat,2025-09-13,ACILA,17:30:00.000000000,19:40:00.000000000,Salt Loading (46 ) Tons,02:10:00.000000000,02:10:00.000000000,00:00:00.000000000,00:00:00.000000000
Sat,2025-09-13,ATERPE ALAI,17:32:00.000000000,22:00:00.000000000,Salt Loading (120 ) Tons,04:28:00.000000000,04:28:00.000000000,00:00:00.000000000,00:00:00.000000000
Mon,2025-09-15,GALERNA TRES,18:30:00.000000000,22:00:00.000000000,Salt Loading (150 ) Tons,03:30:00.000000000,03:30:00.000000000,00:00:00.000000000,00:00:00.000000000
Mon,2025-09-15,IZURDIA,18:15:00.000000000,22:00:00.000000000,Salt Loading (80 ) Tons,03:45:00.000000000,03:45:00.000000000,00:00:00.000000000,00:00:00.000000000
Tue,2025-09-16,IZURDIA,18:15:00.000000000,20:15:00.000000000,Salt Loading (80 ) Tons,02:00:00.000000000,02:00:00.000000000,00:00:00.000000000,00:00:00.000000000
Wed,2025-09-17,TXORI BERRI,18:45:00.000000000,21:00:00.000000000,Salt Loading (70 ) Tons,02:15:00.000000000,02:15:00.000000000,00:00:00.000000000,00:00:00.000000000
Thu,2025-09-18,TXORI BERRI,18:20:00.000000000,21:00:00.000000000,Salt Loading (70 ) Tons,02:40:00.000000000,02:40:00.000000000,00:00:00.000000000,00:00:00.000000000
Sat,2025-09-20,DONIENE,18:25:00.000000000,21:45:00.000000000,Salt Loading (90 ) Tons,03:20:00.000000000,03:20:00.000000000,00:00:00.000000000,00:00:00.000000000
Sun,2025-09-21,ALAKRANA,17:00:00.000000000,19:14:00.000000000,Salt Loading (70 ) Tons,02:14:00.000000000,00:00:00.000000000,02:14:00.000000000,00:00:00.000000000
Mon,2025-09-22,DONIENE,17:45:00.000000000,21:20:00.000000000,Salt Loading (90 ) Tons,03:35:00.000000000,03:35:00.000000000,00:00:00.000000000,00:00:00.000000000
Mon,2025-09-22,ALAKRANA,15:00:00.000000000,17:00:00.000000000,Salt Loading (70 ) Tons,02:00:00.000000000,00:00:00.000000000,00:00:00.000000000,02:00:00.000000000
Tue,2025-09-23,EUSKADI ALAI,18:15:00.000000000,20:30:00.000000000,Salt Loading (70 ) Tons,02:15:00.000000000,02:15:00.000000000,00:00:00.000000000,00:00:00.000000000
Wed,2025-09-24,JAI ALAI,17:51:00.000000000,22:40:00.000000000,Salt Loading (100 ) Tons,04:49:00.000000000,04:49:00.000000000,00:00:00.000000000,00:00:00.000000000
Wed,2025-09-24,EUSKADI ALAI,18:20:00.000000000,20:20:00.000000000,Salt Loading (70 ) Tons,02:00:00.000000000,02:00:00.000000000,00:00:00.000000000,00:00:00.000000000
Wed,2025-09-24,GALERNA DOS,18:20:00.000000000,22:15:00.000000000,Salt Loading (180 ) Tons,03:55:00.000000000,03:55:00.000000000,00:00:00.000000000,00:00:00.000000000
Wed,2025-09-24,IZARO,13:05:00.000000000,15:10:00.000000000,Salt Loading (75 ) Tons,02:05:00.000000000,00:00:00.000000000,00:00:00.000000000,02:05:00.000000000
Thu,2025-09-25,JAI ALAI,17:45:00.000000000,19:11:00.000000000,Salt Loading (40 ) Tons,01:26:00.000000000,01:26:00.000000000,00:00:00.000000000,00:00:00.000000000
Mon,2025-09-29,DOLOMIEU,13:45:00.000000000,17:30:00.000000000,Salt Loading (100 ) Tons,03:45:00.000000000,00:30:00.000000000,00:00:00.000000000,03:15:00.000000000
Tue,2025-09-30,ELAI ALAI,17:40:00.000000000,19:30:00.000000000,Salt Loading (60 ) Tons,01:50:00.000000000,01:50:00.000000000,00:00:00.000000000,00:00:00.000000000
Wed,2025-10-01,ALBACAN,19:14:00.000000000,22:30:00.000000000,Salt Loading (100 ) Tons,03:16:00.000000000,03:16:00.000000000,00:00:00.000000000,00:00:00.000000000
Fri,2025-10-03,FRANCHE TERRE,18:00:00.000000000,18:45:00.000000000,Salt Loading (18 ) Tons,00:45:00.000000000,00:45:00.000000000,00:00:00.000000000,00:00:00.000000000
Sat,2025-10-04,IZARO,18:05:00.000000000,20:38:00.000000000,Salt Loading (100 ) Tons,02:33:00.000000000,02:33:00.000000000,00:00:00.000000000,00:00:00.000000000
Sun,2025-10-05,IZARO,17:00:00.000000000,18:30:00.000000000,Salt Loading (40 ) Tons,01:30:00.000000000,00:00:00.000000000,01:30:00.000000000,00:00:00.000000000
Mon,2025-10-06,ADAMAS,12:30:00.000000000,15:00:00.000000000,Salt Loading (36 ) Tons,02:30:00.000000000,00:00:00.000000000,00:00:00.000000000,02:30:00.000000000
Tue,2025-10-07,EGALABUR,18:20:00.000000000,20:53:00.000000000,Salt Loading (60 ) Tons,02:33:00.000000000,02:33:00.000000000,00:00:00.000000000,00:00:00.000000000
Wed,2025-10-08,EGALABUR,18:40:00.000000000,23:15:00.000000000,Salt Loading (140 ) Tons,04:35:00.000000000,04:35:00.000000000,00:00:00.000000000,00:00:00.000000000
Tue,2025-10-14,ATERPE ALAI,17:50:00.000000000,20:45:00.000000000,Salt Loading (68 ) Tons,02:55:00.000000000,02:55:00.000000000,00:00:00.000000000,00:00:00.000000000
Wed,2025-10-15,JAI ALAI,17:45:00.000000000,22:00:00.000000000,Salt Loading (70 ) Tons,04:15:00.000000000,04:15:00.000000000,00:00:00.000000000,00:00:00.000000000
Wed,2025-10-15,DOLOMIEU,17:35:00.000000000,19:25:00.000000000,Salt Loading (28 ) Tons,01:50:00.000000000,01:50:00.000000000,00:00:00.000000000,00:00:00.000000000
Thu,2025-10-16,ATERPE ALAI,17:45:00.000000000,21:07:00.000000000,Salt Loading (80 ) Tons,03:22:00.000000000,03:22:00.000000000,00:00:00.000000000,00:00:00.000000000
Thu,2025-10-16,TXORI GORRI,17:33:00.000000000,19:34:00.000000000,Salt Loading (70 ) Tons,02:01:00.000000000,02:01:00.000000000,00:00:00.000000000,00:00:00.000000000
Fri,2025-10-17,TXORI GORRI,17:45:00.000000000,20:30:00.000000000,Salt Loading (70 ) Tons,02:45:00.000000000,02:45:00.000000000,00:00:00.000000000,00:00:00.000000000
Sat,2025-10-18,PACIFIC STAR,18:00:00.000000000,23:00:00.000000000,Salt Loading (240 ) Tons,05:00:00.000000000,05:00:00.000000000,00:00:00.000000000,00:00:00.000000000
Mon,2025-10-20,EUSKADI ALAI,18:30:00.000000000,21:30:00.000000000,Salt Loading (100 ) Tons,03:00:00.000000000,03:00:00.000000000,00:00:00.000000000,00:00:00.000000000
Tue,2025-10-21,EUSKADI ALAI,17:50:00.000000000,19:30:00.000000000,Salt Loading (40 ) Tons,01:40:00.000000000,01:40:00.000000000,00:00:00.000000000,00:00:00.000000000
Thu,2025-10-23,ALAKRANA,18:30:00.000000000,22:25:00.000000000,Salt Loading (100 ) Tons,03:55:00.000000000,03:55:00.000000000,00:00:00.000000000,00:00:00.000000000
Fri,2025-10-24,ALAKRANA,17:30:00.000000000,20:00:00.000000000,Salt Loading (60 ) Tons,02:30:00.000000000,02:30:00.000000000,00:00:00.000000000,00:00:00.000000000
Thu,2025-10-30,JAI ALAI,17:30:00.000000000,21:11:00.000000000,Salt Loading (120 ) Tons,03:41:00.000000000,03:41:00.000000000,00:00:00.000000000,00:00:00.000000000
Fri,2025-10-31,EGALABUR,19:12:00.000000000,21:53:00.000000000,Salt Loading (40 ) Tons,02:41:00.000000000,02:41:00.000000000,00:00:00.000000000,00:00:00.000000000
Wed,2025-11-05,IZARO,18:10:00.000000000,22:50:00.000000000,Salt Loading (130 ) Tons,04:40:00.000000000,04:40:00.000000000,00:00:00.000000000,00:00:00.000000000
Thu,2025-11-06,ADAMAS,17:50:00.000000000,21:00:00.000000000,Salt Loading (60 ) Tons,03:10:00.000000000,03:10:00.000000000,00:00:00.000000000,00:00:00.000000000
Fri,2025-11-07,ADAMAS,13:20:00.000000000,20:00:00.000000000,Salt Loading (130 ) Tons,06:40:00.000000000,03:00:00.000000000,00:00:00.000000000,03:40:00.000000000
Fri,2025-11-07,PLAYA DE RIS,18:16:00.000000000,00:35:00.000000000,Salt Loading (130 ) Tons,06:19:00.000000000,05:44:00.000000000,00:35:00.000000000,00:00:00.000000000
Tue,2025-11-11,ATERPE ALAI,18:10:00.000000000,21:30:00.000000000,Salt Loading (100 ) Tons,03:20:00.000000000,03:20:00.000000000,00:00:00.000000000,00:00:00.000000000
Tue,2025-11-11,DOLOMIEU,17:45:00.000000000,20:05:00.000000000,Salt Loading (45 ) Tons,02:20:00.000000000,02:20:00.000000000,00:00:00.000000000,00:00:00.000000000
Wed,2025-11-12,ATERPE ALAI,17:45:00.000000000,19:40:00.000000000,Salt Loading (50 ) Tons,01:55:00.000000000,01:55:00.000000000,00:00:00.000000000,00:00:00.000000000
Wed,2025-11-12,DOLOMIEU,09:10:00.000000000,11:10:00.000000000,Salt Loading (40 ) Tons,02:00:00.000000000,00:00:00.000000000,00:00:00.000000000,02:00:00.000000000
Thu,2025-11-13,BERNICA,17:30:00.000000000,19:15:00.000000000,Salt Loading (30 ) Tons,01:45:00.000000000,01:45:00.000000000,00:00:00.000000000,00:00:00.000000000
Mon,2025-11-17,ALAKRANA,18:15:00.000000000,20:30:00.000000000,Salt Loading (60 ) Tons,02:15:00.000000000,02:15:00.000000000,00:00:00.000000000,00:00:00.000000000
Tue,2025-11-18,ALAKRANA,18:06:00.000000000,21:43:00.000000000,Salt Loading (100 ) Tons,03:37:00.000000000,03:37:00.000000000,00:00:00.000000000,00:00:00.000000000
Tue,2025-11-18,PLAYA DE AZKORRI,18:15:00.000000000,20:50:00.000000000,Salt Loading (60 ) Tons,02:35:00.000000000,02:35:00.000000000,00:00:00.000000000,00:00:00.000000000
Wed,2025-11-19,PLAYA DE AZKORRI,16:20:00.000000000,18:05:00.000000000,Salt Loading (60 ) Tons,01:45:00.000000000,01:05:00.000000000,00:00:00.000000000,00:40:00.000000000
Thu,2025-11-20,ITSAS TXORI,18:10:00.000000000,20:15:00.000000000,Salt Loading (80 ) Tons,02:05:00.000000000,02:05:00.000000000,00:00:00.000000000,00:00:00.000000000
Fri,2025-11-21,ITSAS TXORI,18:15:00.000000000,22:25:00.000000000,Salt Loading (80 ) Tons,04:10:00.000000000,04:10:00.000000000,00:00:00.000000000,00:00:00.000000000
Mon,2025-11-24,EUSKADI ALAI,18:20:00.000000000,22:30:00.000000000,Salt Loading (100 ) Tons,04:10:00.000000000,04:10:00.000000000,00:00:00.000000000,00:00:00.000000000
Tue,2025-11-25,EUSKADI ALAI,18:20:00.000000000,20:30:00.000000000,Salt Loading (40 ) Tons,02:10:00.000000000,02:10:00.000000000,00:00:00.000000000,00:00:00.000000000
Tue,2025-11-25,CAP SAINTE MARIE,08:45:00.000000000,09:50:00.000000000,Salt Loading (36 ) Tons,01:05:00.000000000,00:00:00.000000000,00:00:00.000000000,01:05:00.000000000
Wed,2025-11-26,JAI ALAI,18:25:00.000000000,21:45:00.000000000,Salt Loading (120 ) Tons,03:20:00.000000000,03:20:00.000000000,00:00:00.000000000,00:00:00.000000000
Sun,2025-11-30,PENDRUC,16:25:00.000000000,18:15:00.000000000,Salt Loading (36 ) Tons,01:50:00.000000000,00:00:00.000000000,01:50:00.000000000,00:00:00.000000000
Mon,2025-12-01,IZARO,18:00:00.000000000,21:40:00.000000000,Salt Loading (76 ) Tons,03:40:00.000000000,03:40:00.000000000,00:00:00.000000000,00:00:00.000000000
Mon,2025-12-01,PLAYA DE AZKORRI,18:20:00.000000000,21:05:00.000000000,Salt Loading (80 ) Tons,02:45:00.000000000,02:45:00.000000000,00:00:00.000000000,00:00:00.000000000
Tue,2025-12-02,IZARO,16:05:00.000000000,19:09:00.000000000,Salt Loading (64 ) Tons,03:04:00.000000000,02:09:00.000000000,00:00:00.000000000,00:55:00.000000000
Sat,2025-12-06,HAWWA,12:05:00.000000000,15:00:00.000000000,Salt Loading (64 ) Tons,02:55:00.000000000,00:00:00.000000000,00:00:00.000000000,02:55:00.000000000
Sat,2025-12-06,ATERPE ALAI,18:15:00.000000000,23:05:00.000000000,Salt Loading (70 ) Tons,04:50:00.000000000,04:50:00.000000000,00:00:00.000000000,00:00:00.000000000
PH,2025-12-08,ATERPE ALAI,17:50:00.000000000,21:00:00.000000000,Salt Loading (65 ) Tons,03:10:00.000000000,00:00:00.000000000,03:10:00.000000000,00:00:00.000000000
Tue,2025-12-16,ARTZA,18:45:00.000000000,22:00:00.000000000,Salt Loading (100 ) Tons,03:15:00.000000000,03:15:00.000000000,00:00:00.000000000,00:00:00.000000000
Thu,2025-12-18,EUSKADI ALAI,17:50:00.000000000,21:40:00.000000000,Salt Loading (80 ) Tons,03:50:00.000000000,03:50:00.000000000,00:00:00.000000000,00:00:00.000000000
Thu,2025-12-18,TXORI BERRI,17:15:00.000000000,19:09:00.000000000,Salt Loading (80 ) Tons,01:54:00.000000000,01:54:00.000000000,00:00:00.000000000,00:00:00.000000000
Sun,2025-12-14,ELAI ALAI,17:30:00.000000000,21:30:00.000000000,Salt Loading (75 ) Tons,04:00:00.000000000,00:00:00.000000000,04:00:00.000000000,00:00:00.000000000
Tue,2025-12-09,BERNICA,17:37:00.000000000,21:05:00.000000000,Salt Loading (60 ) Tons,03:28:00.000000000,03:28:00.000000000,00:00:00.000000000,00:00:00.000000000
