vessel,day_name,date,start_time,container_number,end_time,overtime,total_tonnage,storage,Price,total_price
DOLOMIEU,Mon,2025-01-06,09:35:00.000000000,TRIU8864476,11:13:00.000000000,normal hours,26.95,Dry,25.5,687.225
DOLOMIEU,Mon,2025-01-06,11:20:00.000000000,TTNU8193049,13:00:00.000000000,normal hours,26.99,Dry,25.5,688.245
DOLOMIEU,Mon,2025-01-06,13:08:00.000000000,TTNU8194786,15:23:00.000000000,normal hours,26.83,Dry,25.5,684.165
DOLOMIEU,Mon,2025-01-06,15:42:00.000000000,TTNU8203105,16:59:00.000000000,normal hours,23.45,Dry,25.5,597.975
DOLOMIEU,Tue,2025-01-07,11:51:00.000000000,TCLU1221339,12:38:00.000000000,normal hours,13.05,Dry,25.5,332.77500000000003
DOLOMIEU,Tue,2025-01-07,08:18:00.000000000,TTNU8203105,08:28:00.000000000,normal hours,3.45,Dry,25.5,87.97500000000001
DOLOMIEU,Tue,2025-01-07,11:41:00.000000000,TTNU8204420,12:32:00.000000000,normal hours,11.85,Dry,25.5,302.175
DOLOMIEU,Tue,2025-01-07,08:44:00.000000000,TTNU8374957,11:24:00.000000000,normal hours,27.1,Dry,25.5,691.0500000000001
JAI ALAI,Fri,2025-01-24,12:04:00.000000000,TCLU1222417,14:42:00.000000000,normal hours,26.59,Brine,25.5,678.045
JAI ALAI,Fri,2025-01-24,10:11:00.000000000,TRIU8030072,11:20:00.000000000,normal hours,26.86,Brine,25.5,684.93
JAI ALAI,Fri,2025-01-24,12:49:00.000000000,TRIU8880815,14:40:00.000000000,normal hours,26.52,Brine,25.5,676.26
JAI ALAI,Fri,2025-01-24,15:00:00.000000000,TTNU8058692,16:59:00.000000000,normal hours,11.29,Brine,25.5,287.895
JAI ALAI,Fri,2025-01-24,10:57:00.000000000,TTNU8203614,12:27:00.000000000,normal hours,26.63,Brine,25.5,679.0649999999999
JAI ALAI,Fri,2025-01-24,14:51:00.000000000,TTNU8204966,16:52:00.000000000,normal hours,26.51,Brine,25.5,676.005
JAI ALAI,Sat,2025-01-25,08:42:00.000000000,TTNU8058692,09:14:00.000000000,normal hours,15.5,Brine,25.5,395.25
JAI ALAI,Sat,2025-01-25,13:33:00.000000000,TTNU8203825,15:52:00.000000000,normal hours,26.69,Brine,25.5,680.595
JAI ALAI,Sat,2025-01-25,11:19:00.000000000,TTNU8203830,13:13:00.000000000,normal hours,26.99,Brine,25.5,688.245
JAI ALAI,Sat,2025-01-25,16:02:00.000000000,TTNU8204610,16:57:00.000000000,normal hours,16.45,Brine,25.5,419.47499999999997
JAI ALAI,Sat,2025-01-25,09:21:00.000000000,TTNU8374957,11:00:00.000000000,normal hours,26.94,Brine,25.5,686.97
JAI ALAI,Sun,2025-01-26,10:30:00.000000000,TCLU1228570,11:53:00.000000000,overtime 150%,26.55,Brine,25.5,1015.5374999999999
JAI ALAI,Sun,2025-01-26,12:01:00.000000000,TRIU8980882,13:47:00.000000000,overtime 150%,26.77,Brine,25.5,1023.9525
JAI ALAI,Sun,2025-01-26,08:52:00.000000000,TTNU8203086,10:17:00.000000000,overtime 150%,26.62,Brine,25.5,1018.2150000000001
JAI ALAI,Sun,2025-01-26,14:10:00.000000000,TTNU8203677,15:48:00.000000000,overtime 150%,15.11,Brine,25.5,577.9575
JAI ALAI,Sun,2025-01-26,12:59:00.000000000,TTNU8204420,15:40:00.000000000,overtime 150%,25.8,Brine,25.5,986.8499999999999
JAI ALAI,Sun,2025-01-26,08:21:00.000000000,TTNU8204610,08:44:00.000000000,overtime 150%,11.64,Brine,25.5,445.23
JAI ALAI,Mon,2025-01-27,09:08:00.000000000,TTNU8057021,11:06:00.000000000,normal hours,26.1,Brine,25.5,665.5500000000001
JAI ALAI,Mon,2025-01-27,11:15:00.000000000,TTNU8203548,14:15:00.000000000,normal hours,26.38,Brine,25.5,672.6899999999999
JAI ALAI,Mon,2025-01-27,08:21:00.000000000,TTNU8203677,08:50:00.000000000,normal hours,11.58,Brine,25.5,295.29
JAI ALAI,Mon,2025-01-27,14:36:00.000000000,TTNU8204061,16:33:00.000000000,normal hours,10.8,Brine,25.5,275.40000000000003
IZARO,Tue,2025-01-28,11:17:00.000000000,TCLU1265804,13:31:00.000000000,normal hours,26.97,Brine,25.5,687.735
IZARO,Tue,2025-01-28,09:41:00.000000000,TRIU8030806,11:09:00.000000000,normal hours,26.32,Brine,25.5,671.16
IZARO,Tue,2025-01-28,08:32:00.000000000,TRIU8898265,09:39:00.000000000,normal hours,26.25,Brine,25.5,669.375
IZARO,Tue,2025-01-28,14:17:00.000000000,TTNU8071858,16:53:00.000000000,normal hours,25.65,Brine,25.5,654.0749999999999
IZARO,Tue,2025-01-28,12:00:00.000000000,TTNU8076079,13:47:00.000000000,normal hours,26.92,Brine,25.5,686.46
IZARO,Tue,2025-01-28,15:58:00.000000000,TTNU8192823,16:48:00.000000000,normal hours,14.73,Brine,25.5,375.615
IZARO,Tue,2025-01-28,08:28:00.000000000,TTNU8203363,09:35:00.000000000,normal hours,26.42,Brine,25.5,673.71
IZARO,Tue,2025-01-28,09:57:00.000000000,TTNU8203445,11:39:00.000000000,normal hours,26.7,Brine,25.5,680.85
IZARO,Tue,2025-01-28,13:46:00.000000000,TTNU8203975,15:48:00.000000000,normal hours,26.51,Brine,25.5,676.005
IZARO,Wed,2025-01-29,14:21:00.000000000,TCLU1218470,16:51:00.000000000,normal hours,8.27,Brine,25.5,210.885
IZARO,Wed,2025-01-29,10:12:00.000000000,TTNU8192823,13:49:00.000000000,normal hours,11.96,Brine,25.5,304.98
PLAYA DE AZKORRI,Thu,2025-01-30,12:26:00.000000000,TCLU1215531,13:32:00.000000000,normal hours,26.98,Brine,25.5,687.99
IZARO,Thu,2025-01-30,10:25:00.000000000,TCLU1218470,12:17:00.000000000,normal hours,19.05,Brine,25.5,485.77500000000003
PLAYA DE AZKORRI,Thu,2025-01-30,14:49:00.000000000,TCLU1263735,16:11:00.000000000,normal hours,26.86,Brine,25.5,684.93
IZARO,Thu,2025-01-30,12:25:00.000000000,TTNU8192042,14:29:00.000000000,normal hours,27.09,Brine,25.5,690.795
PLAYA DE AZKORRI,Thu,2025-01-30,13:50:00.000000000,TTNU8192612,14:59:00.000000000,normal hours,26.85,Brine,25.5,684.6750000000001
PLAYA DE AZKORRI,Thu,2025-01-30,17:23:00.000000000,TTNU8193347,17:27:00.000000000,overtime 150%,3.05,Brine,25.5,116.6625
IZARO,Thu,2025-01-30,14:44:00.000000000,TTNU8203358,16:49:00.000000000,normal hours,22.21,Brine,25.5,566.355
PLAYA DE AZKORRI,Thu,2025-01-30,10:44:00.000000000,TTNU8203527,12:05:00.000000000,normal hours,26.88,Brine,25.5,685.4399999999999
PLAYA DE AZKORRI,Thu,2025-01-30,16:27:00.000000000,TTNU8203738,16:55:00.000000000,normal hours,12.46,Brine,25.5,317.73
PLAYA DE AZKORRI,Thu,2025-01-30,17:03:00.000000000,TTNU8203738,17:45:00.000000000,overtime 150%,14.55,Brine,25.5,556.5375
PLAYA DE AZKORRI,Thu,2025-01-30,15:22:00.000000000,TTNU8203960,16:51:00.000000000,normal hours,25.5,Brine,25.5,650.25
PLAYA DE AZKORRI,Thu,2025-01-30,17:04:00.000000000,TTNU8203960,17:04:00.000000000,overtime 150%,1.51,Brine,25.5,57.75750000000001
PLAYA DE AZKORRI,Thu,2025-01-30,12:20:00.000000000,TTNU8281643,15:20:00.000000000,normal hours,11.3,Brine,25.5,288.15000000000003
PLAYA DE AZKORRI,Thu,2025-01-30,17:34:00.000000000,TTNU8281643,17:56:00.000000000,overtime 150%,3.23,Brine,25.5,123.54749999999999
PLAYA DE AZKORRI,Fri,2025-01-31,17:37:00.000000000,TCLU1221339,17:56:00.000000000,overtime 150%,6.14,Brine,25.5,234.855
PLAYA DE AZKORRI,Fri,2025-01-31,14:28:00.000000000,TCLU1221914,15:42:00.000000000,normal hours,27.01,Brine,25.5,688.755
PLAYA DE AZKORRI,Fri,2025-01-31,11:25:00.000000000,TCLU1264583,13:12:00.000000000,normal hours,26.97,Brine,25.5,687.735
PLAYA DE AZKORRI,Fri,2025-01-31,13:44:00.000000000,TRIU8031103,15:40:00.000000000,normal hours,27.02,Brine,25.5,689.01
PLAYA DE AZKORRI,Fri,2025-01-31,16:01:00.000000000,TRIU8033045,16:59:00.000000000,normal hours,22.61,Brine,25.5,576.555
PLAYA DE AZKORRI,Fri,2025-01-31,17:15:00.000000000,TRIU8033045,17:21:00.000000000,overtime 150%,4.41,Brine,25.5,168.6825
PLAYA DE AZKORRI,Fri,2025-01-31,15:57:00.000000000,TRIU8864476,16:51:00.000000000,normal hours,9.3,Brine,25.5,237.15
PLAYA DE AZKORRI,Fri,2025-01-31,17:23:00.000000000,TRIU8864476,17:48:00.000000000,overtime 150%,4.19,Brine,25.5,160.2675
PLAYA DE AZKORRI,Fri,2025-01-31,10:51:00.000000000,TRIU8898310,11:58:00.000000000,normal hours,26.93,Brine,25.5,686.715
PLAYA DE AZKORRI,Fri,2025-01-31,08:26:00.000000000,TTNU8193347,09:22:00.000000000,normal hours,23.99,Brine,25.5,611.745
PLAYA DE AZKORRI,Fri,2025-01-31,09:32:00.000000000,TTNU8194786,11:07:00.000000000,normal hours,27.03,Brine,25.5,689.265
PLAYA DE AZKORRI,Fri,2025-01-31,08:57:00.000000000,TTNU8203342,10:39:00.000000000,normal hours,24.21,Brine,25.5,617.355
IZARO,Fri,2025-01-31,08:12:00.000000000,TTNU8203358,08:37:00.000000000,normal hours,5.69,Brine,25.5,145.095
PLAYA DE AZKORRI,Fri,2025-01-31,12:49:00.000000000,TTNU8204478,14:17:00.000000000,normal hours,26.97,Brine,25.5,687.735
IZARO,Fri,2025-01-31,09:15:00.000000000,TTNU8204903,11:19:00.000000000,normal hours,7.29,Brine,25.5,185.895
IZARO,Fri,2025-01-31,09:15:00.000000000,TTNU8204903,11:19:00.000000000,normal hours,7.29,Brine,25.5,185.895
PLAYA DE AZKORRI,Fri,2025-01-31,12:05:00.000000000,TTNU8281643,12:43:00.000000000,normal hours,14.66,Brine,25.5,373.83
PLAYA DE AZKORRI,Sat,2025-02-01,08:29:00.000000000,TCLU1221339,09:45:00.000000000,normal hours,20.87,Brine,25.5,532.1850000000001
PLAYA DE AZKORRI,Sat,2025-02-01,08:47:00.000000000,TRIU8864476,10:56:00.000000000,normal hours,5.12,Brine,25.5,130.56
PLAYA DE AZKORRI,Sat,2025-02-01,09:46:00.000000000,TTNU8034880,11:27:00.000000000,normal hours,18.41,Brine,25.5,469.455
PLAYA DE AZKORRI,Sat,2025-02-01,09:36:00.000000000,TTNU8203070,10:38:00.000000000,normal hours,27.02,Brine,25.5,689.01
PLAYA DE AZKORRI,Sat,2025-02-01,10:45:00.000000000,TTNU8204288,12:15:00.000000000,normal hours,15.44,Brine,25.5,393.71999999999997
EUSKADI ALAI,Fri,2025-02-14,08:54:00.000000000,TCLU1218470,15:12:00.000000000,normal hours,26.87,Brine,25.5,685.1850000000001
EUSKADI ALAI,Fri,2025-02-14,08:39:00.000000000,TRIU8031103,12:25:00.000000000,normal hours,27.13,Brine,25.5,691.8149999999999
EUSKADI ALAI,Fri,2025-02-14,13:18:00.000000000,TTNU8192042,16:47:00.000000000,normal hours,15.29,Brine,25.5,389.895
EUSKADI ALAI,Sat,2025-02-15,16:19:00.000000000,TRIU8898265,16:43:00.000000000,normal hours,7.62,Brine,25.5,194.31
EUSKADI ALAI,Sat,2025-02-15,11:33:00.000000000,TTNU8192042,12:45:00.000000000,normal hours,11.85,Brine,25.5,302.175
EUSKADI ALAI,Sat,2025-02-15,14:58:00.000000000,TTNU8192823,16:16:00.000000000,normal hours,27.25,Brine,25.5,694.875
EUSKADI ALAI,Sat,2025-02-15,14:24:00.000000000,TTNU8193347,16:00:00.000000000,normal hours,26.92,Brine,25.5,686.46
EUSKADI ALAI,Sat,2025-02-15,08:49:00.000000000,TTNU8202963,11:20:00.000000000,normal hours,26.93,Brine,25.5,686.715
EUSKADI ALAI,Sat,2025-02-15,12:51:00.000000000,TTNU8203975,14:18:00.000000000,normal hours,27.22,Brine,25.5,694.11
EUSKADI ALAI,Sat,2025-02-15,16:27:00.000000000,TTNU8339350,16:39:00.000000000,normal hours,8.22,Brine,25.5,209.61
EUSKADI ALAI,Sun,2025-02-16,12:11:00.000000000,TCLU1216899,13:33:00.000000000,overtime 150%,26.68,Brine,25.5,1020.51
EUSKADI ALAI,Sun,2025-02-16,09:24:00.000000000,TCLU1265804,11:19:00.000000000,overtime 150%,27.0,Brine,25.5,1032.75
EUSKADI ALAI,Sun,2025-02-16,08:19:00.000000000,TRIU8898265,09:23:00.000000000,overtime 150%,19.46,Brine,25.5,744.345
EUSKADI ALAI,Sun,2025-02-16,14:45:00.000000000,TTNU8016059,15:58:00.000000000,overtime 150%,18.62,Brine,25.5,712.215
EUSKADI ALAI,Sun,2025-02-16,13:48:00.000000000,TTNU8203105,14:37:00.000000000,overtime 150%,26.97,Brine,25.5,1031.6025
EUSKADI ALAI,Sun,2025-02-16,09:42:00.000000000,TTNU8204420,12:02:00.000000000,overtime 150%,26.94,Brine,25.5,1030.455
EUSKADI ALAI,Sun,2025-02-16,08:29:00.000000000,TTNU8339350,09:20:00.000000000,overtime 150%,18.93,Brine,25.5,724.0725
EUSKADI ALAI,Mon,2025-02-17,12:11:00.000000000,TRIU8030806,14:02:00.000000000,normal hours,1.2,Brine,25.5,30.599999999999998
EUSKADI ALAI,Mon,2025-02-17,08:33:00.000000000,TTNU8016059,11:28:00.000000000,normal hours,8.23,Brine,25.5,209.865
GALERNA DOS,Tue,2025-02-18,15:21:00.000000000,TCLU1215531,16:54:00.000000000,normal hours,26.2,Brine,25.5,668.1
GALERNA DOS,Tue,2025-02-18,13:20:00.000000000,TCLU1264583,15:17:00.000000000,normal hours,26.97,Brine,25.5,687.735
GALERNA DOS,Tue,2025-02-18,08:17:00.000000000,TRIU8980882,09:32:00.000000000,normal hours,27.07,Brine,25.5,690.285
GALERNA DOS,Tue,2025-02-18,11:00:00.000000000,TTNU8203086,11:42:00.000000000,normal hours,26.96,Brine,25.5,687.48
GALERNA DOS,Tue,2025-02-18,09:47:00.000000000,TTNU8203548,10:25:00.000000000,normal hours,27.04,Brine,25.5,689.52
GALERNA DOS,Tue,2025-02-18,11:58:00.000000000,TTNU8204204,13:06:00.000000000,normal hours,26.91,Brine,25.5,686.205
GALERNA DOS,Wed,2025-02-19,08:16:00.000000000,TTNU8057021,09:41:00.000000000,normal hours,27.02,Brine,25.5,689.01
GALERNA DOS,Wed,2025-02-19,12:32:00.000000000,TTNU8192612,16:55:00.000000000,normal hours,22.18,Brine,25.5,565.59
GALERNA DOS,Wed,2025-02-19,09:33:00.000000000,TTNU8194786,11:31:00.000000000,normal hours,26.98,Brine,25.5,687.99
JAI ALAI,Thu,2025-02-20,13:45:00.000000000,TCLU1218470,15:32:00.000000000,normal hours,27.65,Brine,25.5,705.0749999999999
JAI ALAI,Thu,2025-02-20,12:11:00.000000000,TCLU1223305,15:54:00.000000000,normal hours,27.75,Brine,25.5,707.625
JAI ALAI,Thu,2025-02-20,15:38:00.000000000,TCLU1228570,16:21:00.000000000,normal hours,12.21,Brine,25.5,311.355
JAI ALAI,Thu,2025-02-20,16:16:00.000000000,TRIU8898265,16:19:00.000000000,normal hours,3.85,Brine,25.5,98.175
GALERNA DOS,Thu,2025-02-20,11:15:00.000000000,TTNU8071858,16:06:00.000000000,normal hours,26.43,Brine,25.5,673.965
GALERNA DOS,Thu,2025-02-20,08:27:00.000000000,TTNU8192612,10:21:00.000000000,normal hours,4.82,Brine,25.5,122.91000000000001
JAI ALAI,Thu,2025-02-20,11:56:00.000000000,TTNU8203358,13:30:00.000000000,normal hours,27.53,Brine,25.5,702.015
GALERNA DOS,Thu,2025-02-20,17:10:00.000000000,TTNU8204420,17:51:00.000000000,overtime 150%,4.34,Brine,25.5,166.005
JAI ALAI,Fri,2025-02-21,09:09:00.000000000,TCLU1222417,12:16:00.000000000,normal hours,27.42,Brine,25.5,699.21
JAI ALAI,Fri,2025-02-21,08:15:00.000000000,TCLU1228570,08:58:00.000000000,normal hours,15.3,Brine,25.5,390.15000000000003
JAI ALAI,Fri,2025-02-21,08:19:00.000000000,TRIU8898265,13:00:00.000000000,normal hours,23.62,Brine,25.5,602.3100000000001
JAI ALAI,Fri,2025-02-21,13:12:00.000000000,TTNU8193347,16:44:00.000000000,normal hours,27.49,Brine,25.5,700.995
GALERNA DOS,Fri,2025-02-21,08:39:00.000000000,TTNU8204420,08:39:00.000000000,normal hours,2.22,Brine,25.5,56.61000000000001
GALERNA DOS,Fri,2025-02-21,17:44:00.000000000,TTNU8204420,17:44:00.000000000,overtime 150%,1.21,Brine,25.5,46.2825
JAI ALAI,Sat,2025-02-22,08:24:00.000000000,TTNU8016059,12:27:00.000000000,normal hours,6.58,Brine,25.5,167.79
GALERNA DOS,Sat,2025-02-22,13:40:00.000000000,TTNU8203363,14:56:00.000000000,normal hours,11.25,Brine,25.5,286.875
GALERNA DOS,Sat,2025-02-22,09:31:00.000000000,TTNU8204420,13:22:00.000000000,normal hours,18.97,Brine,25.5,483.73499999999996
GALERNA DOS,Sun,2025-02-23,08:17:00.000000000,TTNU8203363,08:17:00.000000000,overtime 150%,0.91,Brine,25.5,34.807500000000005
TORRE ITALIA,Mon,2025-02-24,11:13:00.000000000,TLLU1030691,12:57:00.000000000,normal hours,27.26,Brine,25.5,695.13
TORRE ITALIA,Mon,2025-02-24,09:26:00.000000000,TLLU1033622,10:51:00.000000000,normal hours,26.99,Brine,25.5,688.245
TORRE ITALIA,Mon,2025-02-24,13:10:00.000000000,TLLU1033643,14:25:00.000000000,normal hours,26.96,Brine,25.5,687.48
TORRE ITALIA,Mon,2025-02-24,10:49:00.000000000,TLLU1033936,16:22:00.000000000,normal hours,27.0,Brine,25.5,688.5
TORRE ITALIA,Mon,2025-02-24,14:35:00.000000000,TLLU1040431,16:54:00.000000000,normal hours,20.57,Brine,25.5,524.535
TORRE ITALIA,Mon,2025-02-24,16:08:00.000000000,TRIU8033045,16:47:00.000000000,normal hours,10.23,Brine,25.5,260.865
JAI ALAI,Mon,2025-02-24,10:03:00.000000000,TTNU8016059,10:05:00.000000000,normal hours,0.53,Brine,25.5,13.515
TORRE ITALIA,Mon,2025-02-24,08:34:00.000000000,TTNU8202813,15:27:00.000000000,normal hours,26.97,Brine,25.5,687.735
TORRE ITALIA,Mon,2025-02-24,08:10:00.000000000,TTNU8203110,09:17:00.000000000,normal hours,27.09,Brine,25.5,690.795
TORRE ITALIA,Tue,2025-02-25,13:05:00.000000000,TLLU1030120,14:17:00.000000000,normal hours,27.03,Brine,25.5,689.265
TORRE ITALIA,Tue,2025-02-25,12:38:00.000000000,TLLU1030562,16:34:00.000000000,normal hours,26.36,Brine,25.5,672.18
TORRE ITALIA,Tue,2025-02-25,08:36:00.000000000,TLLU1033854,09:30:00.000000000,normal hours,26.95,Brine,25.5,687.225
TORRE ITALIA,Tue,2025-02-25,09:33:00.000000000,TLLU1034465,11:42:00.000000000,normal hours,26.91,Brine,25.5,686.205
TORRE ITALIA,Tue,2025-02-25,11:49:00.000000000,TLLU1034660,13:05:00.000000000,normal hours,26.95,Brine,25.5,687.225
TORRE ITALIA,Tue,2025-02-25,08:15:00.000000000,TLLU1040431,08:30:00.000000000,normal hours,6.41,Brine,25.5,163.455
TORRE ITALIA,Tue,2025-02-25,08:16:00.000000000,TRIU8033045,10:20:00.000000000,normal hours,16.74,Brine,25.5,426.86999999999995
TORRE ITALIA,Tue,2025-02-25,10:31:00.000000000,TTNU8034880,12:04:00.000000000,normal hours,27.0,Brine,25.5,688.5
TORRE ITALIA,Tue,2025-02-25,14:28:00.000000000,TTNU8281643,16:09:00.000000000,normal hours,16.2,Brine,25.5,413.09999999999997
TORRE ITALIA,Wed,2025-02-26,11:05:00.000000000,TCLU1265804,16:58:00.000000000,normal hours,21.16,Brine,25.5,539.58
TORRE ITALIA,Wed,2025-02-26,14:49:00.000000000,TLLU1034280,16:39:00.000000000,normal hours,26.77,Brine,25.5,682.635
TORRE ITALIA,Wed,2025-02-26,12:51:00.000000000,TLLU1034980,14:24:00.000000000,normal hours,26.64,Brine,25.5,679.32
TORRE ITALIA,Wed,2025-02-26,12:55:00.000000000,TRIU8031103,16:59:00.000000000,normal hours,19.95,Brine,25.5,508.72499999999997
TORRE ITALIA,Wed,2025-02-26,08:30:00.000000000,TTNU8203825,09:28:00.000000000,normal hours,27.16,Brine,25.5,692.58
TORRE ITALIA,Wed,2025-02-26,16:47:00.000000000,TTNU8204288,16:58:00.000000000,normal hours,2.94,Brine,25.5,74.97
TORRE ITALIA,Wed,2025-02-26,09:19:00.000000000,TTNU8204478,12:41:00.000000000,normal hours,26.93,Brine,25.5,686.715
TORRE ITALIA,Wed,2025-02-26,10:41:00.000000000,TTNU8204966,12:19:00.000000000,normal hours,26.99,Brine,25.5,688.245
TORRE ITALIA,Wed,2025-02-26,10:11:00.000000000,TTNU8281643,10:32:00.000000000,normal hours,10.87,Brine,25.5,277.185
TORRE ITALIA,Thu,2025-02-27,12:31:00.000000000,TCLU1215531,16:11:00.000000000,normal hours,13.76,Brine,25.5,350.88
TORRE ITALIA,Thu,2025-02-27,17:31:00.000000000,TCLU1215531,18:30:00.000000000,overtime 150%,1.59,Brine,25.5,60.8175
TORRE ITALIA,Thu,2025-02-27,11:24:00.000000000,TCLU1216899,13:58:00.000000000,normal hours,14.85,Brine,25.5,378.675
TORRE ITALIA,Thu,2025-02-27,09:42:00.000000000,TCLU1221339,12:07:00.000000000,normal hours,27.02,Brine,25.5,689.01
TORRE ITALIA,Thu,2025-02-27,08:32:00.000000000,TCLU1265804,10:44:00.000000000,normal hours,5.77,Brine,25.5,147.135
TORRE ITALIA,Thu,2025-02-27,08:38:00.000000000,TRIU8031103,09:07:00.000000000,normal hours,7.05,Brine,25.5,179.775
TORRE ITALIA,Thu,2025-02-27,12:41:00.000000000,TTNU8076079,16:30:00.000000000,normal hours,26.84,Brine,25.5,684.42
TORRE ITALIA,Thu,2025-02-27,10:25:00.000000000,TTNU8202963,12:36:00.000000000,normal hours,27.0,Brine,25.5,688.5
TORRE ITALIA,Thu,2025-02-27,17:03:00.000000000,TTNU8204204,18:41:00.000000000,overtime 150%,23.93,Brine,25.5,915.3225
TORRE ITALIA,Thu,2025-02-27,08:29:00.000000000,TTNU8204288,10:30:00.000000000,normal hours,24.12,Brine,25.5,615.0600000000001
TORRE ITALIA,Thu,2025-02-27,16:24:00.000000000,TTNU8338522,16:52:00.000000000,normal hours,10.19,Brine,25.5,259.84499999999997
TORRE ITALIA,Thu,2025-02-27,17:00:19.000000000,TTNU8338522,17:24:00.000000000,overtime 150%,10.12,Brine,25.5,387.09000000000003
TXORI GORRI,Tue,2025-03-18,10:56:00.000000000,TCLU1222417,12:04:00.000000000,normal hours,22.76,Brine,25.5,580.38
TXORI GORRI,Tue,2025-03-18,12:59:00.000000000,TLLU1030120,13:11:00.000000000,normal hours,4.97,Brine,25.5,126.735
JAI ALAI,Fri,2025-03-21,14:20:00.000000000,TCLU1215531,15:37:00.000000000,normal hours,27.11,Brine,25.5,691.305
JAI ALAI,Fri,2025-03-21,15:24:00.000000000,TCLU1264583,16:49:00.000000000,normal hours,17.43,Brine,25.5,444.465
JAI ALAI,Fri,2025-03-21,10:14:00.000000000,TLLU1033643,11:13:00.000000000,normal hours,27.11,Brine,25.5,691.305
JAI ALAI,Fri,2025-03-21,08:34:00.000000000,TLLU1033854,09:57:00.000000000,normal hours,27.19,Brine,25.5,693.345
JAI ALAI,Fri,2025-03-21,12:57:00.000000000,TLLU1034280,14:04:00.000000000,normal hours,27.18,Brine,25.5,693.09
JAI ALAI,Fri,2025-03-21,11:36:00.000000000,TLLU1034845,12:35:00.000000000,normal hours,27.12,Brine,25.5,691.5600000000001
JAI ALAI,Fri,2025-03-21,15:47:00.000000000,TTNU8203548,16:46:00.000000000,normal hours,17.4,Brine,25.5,443.7
JAI ALAI,Sat,2025-03-22,08:27:00.000000000,TCLU1264583,08:59:00.000000000,normal hours,9.72,Brine,25.5,247.86
JAI ALAI,Sat,2025-03-22,12:37:00.000000000,TTNU8031834,14:37:00.000000000,normal hours,27.16,Brine,25.5,692.58
JAI ALAI,Sat,2025-03-22,13:03:00.000000000,TTNU8057021,14:19:00.000000000,normal hours,26.98,Brine,25.5,687.99
JAI ALAI,Sat,2025-03-22,11:49:00.000000000,TTNU8192823,12:55:00.000000000,normal hours,27.14,Brine,25.5,692.07
JAI ALAI,Sat,2025-03-22,08:51:00.000000000,TTNU8194786,11:41:00.000000000,normal hours,27.0,Brine,25.5,688.5
JAI ALAI,Sat,2025-03-22,15:18:00.000000000,TTNU8203358,16:42:00.000000000,normal hours,19.31,Brine,25.5,492.405
JAI ALAI,Sat,2025-03-22,09:43:00.000000000,TTNU8203363,12:12:00.000000000,normal hours,27.15,Brine,25.5,692.3249999999999
JAI ALAI,Sat,2025-03-22,08:18:00.000000000,TTNU8203548,08:40:00.000000000,normal hours,10.13,Brine,25.5,258.315
JAI ALAI,Sat,2025-03-22,14:27:00.000000000,TTNU8203960,15:43:00.000000000,normal hours,27.16,Brine,25.5,692.58
JAI ALAI,Sat,2025-03-22,15:53:00.000000000,TTNU8204420,16:37:00.000000000,normal hours,14.85,Brine,25.5,378.675
JAI ALAI,Sun,2025-03-23,14:26:00.000000000,TCLU1216461,15:48:00.000000000,overtime 150%,19.84,Brine,25.5,758.88
JAI ALAI,Sun,2025-03-23,09:03:00.000000000,TCLU1223305,10:10:00.000000000,overtime 150%,26.98,Brine,25.5,1031.9850000000001
JAI ALAI,Sun,2025-03-23,14:01:00.000000000,TCLU1228570,15:43:00.000000000,overtime 150%,23.84,Brine,25.5,911.8799999999999
JAI ALAI,Sun,2025-03-23,12:17:00.000000000,TRIU8898265,14:17:00.000000000,overtime 150%,27.23,Brine,25.5,1041.5475000000001
JAI ALAI,Sun,2025-03-23,11:27:00.000000000,TRIU8980882,13:49:00.000000000,overtime 150%,27.25,Brine,25.5,1042.3125
JAI ALAI,Sun,2025-03-23,08:14:00.000000000,TTNU8203358,08:34:00.000000000,overtime 150%,7.89,Brine,25.5,301.7925
JAI ALAI,Sun,2025-03-23,10:15:00.000000000,TTNU8203738,12:10:00.000000000,overtime 150%,27.19,Brine,25.5,1040.0175
JAI ALAI,Sun,2025-03-23,08:16:00.000000000,TTNU8204420,08:37:00.000000000,overtime 150%,12.28,Brine,25.5,469.71
JAI ALAI,Mon,2025-03-24,08:20:00.000000000,TCLU1216461,08:42:00.000000000,normal hours,7.16,Brine,25.5,182.58
JAI ALAI,Mon,2025-03-24,08:11:00.000000000,TCLU1228570,08:17:00.000000000,normal hours,3.27,Brine,25.5,83.385
JAI ALAI,Mon,2025-03-24,08:48:00.000000000,TRIU8031103,10:18:00.000000000,normal hours,27.1,Brine,25.5,691.0500000000001
JAI ALAI,Mon,2025-03-24,11:02:00.000000000,TTNU8193347,13:39:00.000000000,normal hours,13.4,Brine,25.5,341.7
IZARO,Mon,2025-03-31,13:44:00.000000000,TCLU1264583,14:05:00.000000000,normal hours,11.95,Brine,25.5,304.72499999999997
IZARO,Tue,2025-04-01,13:01:00.000000000,TCLU1264583,13:39:00.000000000,normal hours,12.99,Brine,25.5,331.245
IZARO,Tue,2025-04-01,12:25:00.000000000,TTNU8203086,16:13:00.000000000,normal hours,24.04,Brine,25.5,613.02
IZARO,Tue,2025-04-01,14:24:00.000000000,TTNU8204966,16:55:00.000000000,normal hours,22.74,Brine,25.5,579.87
ELAI ALAI,Thu,2025-04-10,10:59:00.000000000,TTNU8071858,12:25:00.000000000,normal hours,27.68,Brine,25.5,705.84
ELAI ALAI,Thu,2025-04-10,12:39:00.000000000,TTNU8202813,12:49:00.000000000,normal hours,4.7,Brine,25.5,119.85000000000001
ELAI ALAI,Thu,2025-04-10,13:43:00.000000000,TTNU8202963,14:45:00.000000000,normal hours,28.23,Brine,25.5,719.865
ELAI ALAI,Thu,2025-04-10,15:00:00.000000000,TTNU8203975,16:35:00.000000000,normal hours,18.3,Brine,25.5,466.65000000000003
ELAI ALAI,Thu,2025-04-10,08:46:00.000000000,TTNU8204293,10:17:00.000000000,normal hours,28.6,Brine,25.5,729.3000000000001
ELAI ALAI,Fri,2025-04-11,15:17:00.000000000,TCLU1221914,16:39:00.000000000,normal hours,17.65,Brine,25.5,450.075
ELAI ALAI,Fri,2025-04-11,11:51:00.000000000,TLLU1030562,15:00:00.000000000,normal hours,28.83,Brine,25.5,735.165
ELAI ALAI,Fri,2025-04-11,11:20:00.000000000,TRIU8030806,14:29:00.000000000,normal hours,28.46,Brine,25.5,725.73
ELAI ALAI,Fri,2025-04-11,08:29:00.000000000,TRIU8033045,11:25:00.000000000,normal hours,28.17,Brine,25.5,718.335
ELAI ALAI,Fri,2025-04-11,08:36:00.000000000,TTNU8202813,11:04:00.000000000,normal hours,23.82,Brine,25.5,607.41
ELAI ALAI,Fri,2025-04-11,14:43:00.000000000,TTNU8204061,16:31:00.000000000,normal hours,19.79,Brine,25.5,504.645
ELAI ALAI,Sat,2025-04-12,08:20:00.000000000,TCLU1221914,09:52:00.000000000,normal hours,11.16,Brine,25.5,284.58
ELAI ALAI,Sat,2025-04-12,16:02:00.000000000,TCLU1263735,16:20:00.000000000,normal hours,4.73,Brine,25.5,120.61500000000001
ELAI ALAI,Sat,2025-04-12,14:40:00.000000000,TTNU8203430,16:20:00.000000000,normal hours,14.48,Brine,25.5,369.24
ELAI ALAI,Sat,2025-04-12,09:34:00.000000000,TTNU8203677,10:20:00.000000000,normal hours,9.89,Brine,25.5,252.19500000000002
ELAI ALAI,Sat,2025-04-12,10:00:00.000000000,TTNU8204014,13:48:00.000000000,normal hours,28.4,Brine,25.5,724.1999999999999
ELAI ALAI,Sat,2025-04-12,08:25:00.000000000,TTNU8204061,09:06:00.000000000,normal hours,9.02,Brine,25.5,230.01
ELAI ALAI,Sat,2025-04-12,10:46:00.000000000,TTNU8338116,15:43:00.000000000,normal hours,28.79,Brine,25.5,734.145
ELAI ALAI,Sun,2025-04-13,08:23:00.000000000,TCLU1263735,12:59:00.000000000,overtime 150%,11.81,Brine,25.5,451.7325000000001
ELAI ALAI,Sun,2025-04-13,08:32:00.000000000,TTNU8203430,11:18:00.000000000,overtime 150%,13.39,Brine,25.5,512.1675
ALAKRANA,PH,2025-04-20,12:59:00.000000000,TLLU1033854,15:19:00.000000000,overtime 150%,8.76,Brine,25.5,335.07
ALAKRANA,PH,2025-04-20,09:42:00.000000000,TRIU8864476,12:32:00.000000000,overtime 150%,27.99,Brine,25.5,1070.6175
ALAKRANA,PH,2025-04-20,08:40:00.000000000,TTNU8203363,09:28:00.000000000,overtime 150%,21.73,Brine,25.5,831.1725
ELAI ALAI,Tue,2025-04-22,11:48:00.000000000,TRIU8011175,15:03:00.000000000,normal hours,28.68,Brine,25.5,731.34
ELAI ALAI,Tue,2025-04-22,08:39:00.000000000,TTNU8057021,11:13:00.000000000,normal hours,27.75,Brine,25.5,707.625
ELAI ALAI,Tue,2025-04-22,15:23:00.000000000,TTNU8374957,16:31:00.000000000,normal hours,10.59,Brine,25.5,270.045
ELAI ALAI,Wed,2025-04-23,10:15:00.000000000,TLLU1034845,14:04:00.000000000,normal hours,27.73,Brine,25.5,707.115
ELAI ALAI,Wed,2025-04-23,08:12:00.000000000,TTNU8374957,09:49:00.000000000,normal hours,16.57,Brine,25.5,422.535
ALAKRANA,Wed,2025-05-14,10:25:00.000000000,TLLU1030351,11:51:00.000000000,normal hours,27.85,Brine,25.5,710.1750000000001
ALAKRANA,Wed,2025-05-14,15:17:00.000000000,TLLU1034085,16:37:00.000000000,normal hours,28.19,Brine,25.5,718.845
ALAKRANA,Wed,2025-05-14,08:49:00.000000000,TRIU8033045,10:20:00.000000000,normal hours,28.05,Brine,25.5,715.275
ALAKRANA,Wed,2025-05-14,13:38:00.000000000,TTNU8031834,15:09:00.000000000,normal hours,27.96,Brine,25.5,712.98
ALAKRANA,Wed,2025-05-14,11:59:00.000000000,TTNU8058692,13:12:00.000000000,normal hours,28.0,Brine,25.5,714.0
ALAKRANA,Thu,2025-05-15,10:22:00.000000000,TCLU1271010,11:28:00.000000000,normal hours,27.62,Brine,25.5,704.3100000000001
ALAKRANA,Thu,2025-05-15,12:54:00.000000000,TCLU1273878,14:41:00.000000000,normal hours,27.595,Brine,25.5,703.6725
ALAKRANA,Thu,2025-05-15,16:09:00.000000000,TLLU1034953,16:46:00.000000000,normal hours,20.01,Brine,25.5,510.25500000000005
ALAKRANA,Thu,2025-05-15,08:40:00.000000000,TTNU8203342,09:19:00.000000000,normal hours,27.46,Brine,25.5,700.23
ALAKRANA,Thu,2025-05-15,09:32:00.000000000,TTNU8203445,10:07:00.000000000,normal hours,27.42,Brine,25.5,699.21
ALAKRANA,Thu,2025-05-15,14:50:00.000000000,TTNU8203677,16:00:00.000000000,normal hours,27.38,Brine,25.5,698.1899999999999
ALAKRANA,Thu,2025-05-15,11:41:00.000000000,TTNU8338116,12:47:00.000000000,normal hours,27.58,Brine,25.5,703.29
ALAKRANA,Fri,2025-05-16,15:34:00.000000000,TCLU1221914,15:52:00.000000000,normal hours,27.69,Brine,25.5,706.095
ALAKRANA,Fri,2025-05-16,09:07:00.000000000,TLLU1033833,09:25:00.000000000,normal hours,27.63,Brine,25.5,704.5649999999999
ALAKRANA,Fri,2025-05-16,08:14:00.000000000,TLLU1034953,08:30:00.000000000,normal hours,7.46,Brine,25.5,190.23
ALAKRANA,Fri,2025-05-16,13:19:00.000000000,TRIU8030806,14:58:00.000000000,normal hours,28.12,Brine,25.5,717.0600000000001
ALAKRANA,Fri,2025-05-16,11:23:00.000000000,TTNU8204225,12:56:00.000000000,normal hours,27.69,Brine,25.5,706.095
ALAKRANA,Fri,2025-05-16,09:25:00.000000000,TTNU8204420,10:15:00.000000000,normal hours,27.33,Brine,25.5,696.915
ALAKRANA,Sat,2025-05-17,09:41:00.000000000,TCLU1216780,09:41:00.000000000,normal hours,27.52,Brine,25.5,701.76
ALAKRANA,Sat,2025-05-17,08:11:00.000000000,TTNU8374670,09:09:00.000000000,normal hours,27.66,Brine,25.5,705.33
DOLOMIEU,Fri,2025-05-23,09:33:00.000000000,TTNU8193049,15:29:00.000000000,normal hours,29.66,Brine,25.5,756.33
IZARO,Thu,2025-05-29,12:21:00.000000000,TCLU1263735,13:25:00.000000000,normal hours,26.1,Brine,25.5,665.5500000000001
IZARO,Thu,2025-05-29,13:25:00.000000000,TCLU1265804,14:45:00.000000000,normal hours,27.29,Brine,25.5,695.895
IZARO,Thu,2025-05-29,16:10:00.000000000,TCLU1275588,16:33:00.000000000,normal hours,8.47,Brine,25.5,215.985
IZARO,Thu,2025-05-29,09:07:00.000000000,TLLU1034927,10:13:00.000000000,normal hours,26.06,Brine,25.5,664.53
IZARO,Thu,2025-05-29,10:15:00.000000000,TTNU8056787,11:11:00.000000000,normal hours,26.18,Brine,25.5,667.59
IZARO,Thu,2025-05-29,11:15:00.000000000,TTNU8203358,12:15:00.000000000,normal hours,26.24,Brine,25.5,669.12
IZARO,Thu,2025-05-29,14:50:00.000000000,TTNU8203363,16:03:00.000000000,normal hours,25.53,Brine,25.5,651.015
IZARO,Fri,2025-05-30,08:18:00.000000000,TCLU1275588,09:17:00.000000000,normal hours,18.37,Brine,25.5,468.435
IZARO,Fri,2025-05-30,15:10:00.000000000,TLLU1032518,16:13:00.000000000,normal hours,26.51,Brine,25.5,676.005
IZARO,Fri,2025-05-30,10:42:00.000000000,TTNU8056832,12:09:00.000000000,normal hours,26.51,Brine,25.5,676.005
IZARO,Fri,2025-05-30,16:19:00.000000000,TTNU8202599,16:52:00.000000000,normal hours,9.23,Brine,25.5,235.365
IZARO,Fri,2025-05-30,12:13:00.000000000,TTNU8203614,13:22:00.000000000,normal hours,26.69,Brine,25.5,680.595
IZARO,Fri,2025-05-30,14:00:00.000000000,TTNU8203830,15:06:00.000000000,normal hours,26.58,Brine,25.5,677.79
IZARO,Fri,2025-05-30,09:21:00.000000000,TTNU8338522,10:38:00.000000000,normal hours,25.75,Brine,25.5,656.625
IZARO,Sat,2025-05-31,08:14:00.000000000,TCLU1218470,08:56:00.000000000,normal hours,26.36,Brine,25.5,672.18
IZARO,Sat,2025-05-31,14:25:00.000000000,TLLU1033854,15:18:00.000000000,normal hours,26.73,Brine,25.5,681.615
IZARO,Sat,2025-05-31,12:59:00.000000000,TRIU8030806,14:21:00.000000000,normal hours,26.47,Brine,25.5,674.985
IZARO,Sat,2025-05-31,09:50:00.000000000,TTNU8034849,10:53:00.000000000,normal hours,26.99,Brine,25.5,688.245
IZARO,Sat,2025-05-31,10:57:00.000000000,TTNU8194786,12:53:00.000000000,normal hours,27.56,Brine,25.5,702.78
IZARO,Sat,2025-05-31,09:02:00.000000000,TTNU8202599,09:45:00.000000000,normal hours,17.58,Brine,25.5,448.28999999999996
IZARO,Sat,2025-05-31,15:38:00.000000000,TTNU8374670,16:21:00.000000000,normal hours,27.07,Brine,25.5,690.285
TXORI GORRI,PH,2025-06-19,15:10:00.000000000,TCLU1275588,15:55:00.000000000,overtime 150%,10.08,Brine,25.5,385.56000000000006
TXORI GORRI,PH,2025-06-19,08:34:00.000000000,TRIU8068294,10:24:00.000000000,overtime 150%,26.86,Brine,25.5,1027.395
TXORI GORRI,PH,2025-06-19,12:01:00.000000000,TTNU8034849,14:13:00.000000000,overtime 150%,26.91,Brine,25.5,1029.3075000000001
TXORI GORRI,PH,2025-06-19,13:55:00.000000000,TTNU8054125,14:53:00.000000000,overtime 150%,26.96,Brine,25.5,1031.22
TXORI GORRI,PH,2025-06-19,15:47:00.000000000,TTNU8057021,15:52:00.000000000,overtime 150%,4.06,Brine,25.5,155.295
TXORI GORRI,PH,2025-06-19,14:06:00.000000000,TTNU8204610,15:30:00.000000000,overtime 150%,26.92,Brine,25.5,1029.69
TXORI GORRI,PH,2025-06-19,09:45:00.000000000,TTNU8339350,11:08:00.000000000,overtime 150%,27.03,Brine,25.5,1033.8975
AVEL VAD,Fri,2025-06-20,13:29:00.000000000,TCLU1217149,14:18:00.000000000,normal hours,26.93,Brine,25.5,686.715
AVEL VAD,Fri,2025-06-20,16:33:00.000000000,TCLU1218470,16:55:00.000000000,normal hours,15.45,Brine,25.5,393.97499999999997
AVEL VAD,Fri,2025-06-20,17:01:00.000000000,TCLU1218470,17:19:00.000000000,overtime 150%,11.61,Brine,25.5,444.0825
AVEL VAD,Fri,2025-06-20,08:25:00.000000000,TCLU1265804,09:06:00.000000000,normal hours,27.0,Brine,25.5,688.5
TXORI GORRI,Fri,2025-06-20,15:49:00.000000000,TCLU1271052,16:48:00.000000000,normal hours,20.29,Brine,25.5,517.395
TXORI GORRI,Fri,2025-06-20,08:18:00.000000000,TCLU1275588,09:00:00.000000000,normal hours,16.8,Brine,25.5,428.40000000000003
TXORI GORRI,Fri,2025-06-20,15:26:00.000000000,TLLU1032518,16:59:00.000000000,normal hours,18.1,Brine,25.5,461.55
TXORI GORRI,Fri,2025-06-20,11:03:00.000000000,TRIU8011175,11:48:00.000000000,normal hours,26.96,Brine,25.5,687.48
AVEL VAD,Fri,2025-06-20,16:17:00.000000000,TRIU8033045,16:56:00.000000000,normal hours,13.41,Brine,25.5,341.955
AVEL VAD,Fri,2025-06-20,17:05:00.000000000,TRIU8033045,17:43:00.000000000,overtime 150%,13.41,Brine,25.5,512.9325
AVEL VAD,Fri,2025-06-20,17:38:00.000000000,TRIU8898265,17:58:00.000000000,overtime 150%,15.85,Brine,25.5,606.2625
AVEL VAD,Fri,2025-06-20,09:40:00.000000000,TRIU8980882,11:58:00.000000000,normal hours,26.95,Brine,25.5,687.225
AVEL VAD,Fri,2025-06-20,09:57:00.000000000,TTNU8016059,12:02:00.000000000,normal hours,26.87,Brine,25.5,685.1850000000001
TXORI GORRI,Fri,2025-06-20,08:11:00.000000000,TTNU8057021,09:49:00.000000000,normal hours,22.98,Brine,25.5,585.99
TXORI GORRI,Fri,2025-06-20,12:40:00.000000000,TTNU8202813,14:41:00.000000000,normal hours,27.03,Brine,25.5,689.265
AVEL VAD,Fri,2025-06-20,12:06:00.000000000,TTNU8203358,12:49:00.000000000,normal hours,26.95,Brine,25.5,687.225
TXORI GORRI,Fri,2025-06-20,10:10:00.000000000,TTNU8204204,11:56:00.000000000,normal hours,27.0,Brine,25.5,688.5
AVEL VAD,Fri,2025-06-20,11:07:00.000000000,TTNU8204441,13:40:00.000000000,normal hours,27.0,Brine,25.5,688.5
TXORI GORRI,Fri,2025-06-20,09:16:00.000000000,TTNU8283158,10:24:00.000000000,normal hours,26.21,Brine,25.5,668.355
AVEL VAD,Fri,2025-06-20,15:06:00.000000000,TTNU8340427,16:00:00.000000000,normal hours,26.95,Brine,25.5,687.225
AVEL VAD,Fri,2025-06-20,14:02:00.000000000,TTNU8374670,15:55:00.000000000,normal hours,26.92,Brine,25.5,686.46
AVEL VAD,Fri,2025-06-20,09:11:00.000000000,TTNU8374957,09:53:00.000000000,normal hours,26.92,Brine,25.5,686.46
TXORI GORRI,Fri,2025-06-20,12:10:00.000000000,TTNU8388462,13:55:00.000000000,normal hours,27.0,Brine,25.5,688.5
AVEL VAD,Fri,2025-06-20,08:27:00.000000000,TTNU8494525,09:33:00.000000000,normal hours,26.95,Brine,25.5,687.225
AVEL VAD,Sat,2025-06-21,16:11:00.000000000,TCLU1263735,16:53:00.000000000,normal hours,26.85,Brine,25.5,684.6750000000001
TXORI GORRI,Sat,2025-06-21,16:27:00.000000000,TCLU1268423,16:31:00.000000000,normal hours,4.8,Brine,25.5,122.39999999999999
AVEL VAD,Sat,2025-06-21,16:22:00.000000000,TCLU1271010,16:58:00.000000000,normal hours,13.33,Brine,25.5,339.915
AVEL VAD,Sat,2025-06-21,17:07:00.000000000,TCLU1271010,17:53:00.000000000,overtime 150%,12.53,Brine,25.5,479.2725
TXORI GORRI,Sat,2025-06-21,08:19:00.000000000,TCLU1271052,08:30:00.000000000,normal hours,6.65,Brine,25.5,169.57500000000002
AVEL VAD,Sat,2025-06-21,08:25:00.000000000,TCLU1273878,10:37:00.000000000,normal hours,26.9,Brine,25.5,685.9499999999999
AVEL VAD,Sat,2025-06-21,14:07:00.000000000,TLLU1030433,14:55:00.000000000,normal hours,27.02,Brine,25.5,689.01
TXORI GORRI,Sat,2025-06-21,08:29:00.000000000,TLLU1032518,08:47:00.000000000,normal hours,8.71,Brine,25.5,222.10500000000002
AVEL VAD,Sat,2025-06-21,09:20:00.000000000,TLLU1032550,10:36:00.000000000,normal hours,26.81,Brine,25.5,683.655
AVEL VAD,Sat,2025-06-21,08:27:00.000000000,TRIU8898265,08:59:00.000000000,normal hours,10.97,Brine,25.5,279.735
AVEL VAD,Sat,2025-06-21,10:41:00.000000000,TTNU8031834,11:29:00.000000000,normal hours,27.08,Brine,25.5,690.54
TXORI GORRI,Sat,2025-06-21,09:15:00.000000000,TTNU8071858,14:15:00.000000000,normal hours,26.79,Brine,25.5,683.145
AVEL VAD,Sat,2025-06-21,11:16:00.000000000,TTNU8194786,13:32:00.000000000,normal hours,26.82,Brine,25.5,683.91
TXORI GORRI,Sat,2025-06-21,08:37:00.000000000,TTNU8202599,10:41:00.000000000,normal hours,27.0,Brine,25.5,688.5
AVEL VAD,Sat,2025-06-21,18:48:00.000000000,TTNU8203830,18:50:00.000000000,overtime 150%,4.01,Brine,25.5,153.3825
AVEL VAD,Sat,2025-06-21,13:49:00.000000000,TTNU8204420,15:26:00.000000000,normal hours,27.0,Brine,25.5,688.5
AVEL VAD,Sat,2025-06-21,15:00:00.000000000,TTNU8338116,15:40:00.000000000,normal hours,26.65,Brine,25.5,679.5749999999999
AVEL VAD,Sat,2025-06-21,11:52:00.000000000,TTNU8338522,13:41:00.000000000,normal hours,26.92,Brine,25.5,686.46
TXORI GORRI,Sun,2025-06-22,08:30:00.000000000,TCLU1268423,13:01:00.000000000,overtime 150%,21.1,Brine,25.5,807.075
BERNICA,Tue,2025-06-24,08:32:00.000000000,TLLU1030562,11:39:00.000000000,normal hours,26.97,Dry,25.5,687.735
BERNICA,Tue,2025-06-24,09:47:00.000000000,TLLU1033854,15:29:00.000000000,normal hours,13.87,Dry,25.5,353.685
BERNICA,Tue,2025-06-24,14:01:00.000000000,TRIU8030806,16:48:00.000000000,normal hours,23.81,Dry,25.5,607.155
BERNICA,Tue,2025-06-24,11:55:00.000000000,TTNU8203614,13:39:00.000000000,normal hours,27.05,Dry,25.5,689.775
BERNICA,Wed,2025-06-25,08:37:00.000000000,TCLU1216780,10:04:00.000000000,normal hours,27.14,Dry,25.5,692.07
BERNICA,Wed,2025-06-25,10:15:00.000000000,TLLU1033643,12:19:00.000000000,normal hours,27.0,Dry,25.5,688.5
BERNICA,Wed,2025-06-25,13:10:00.000000000,TLLU1033854,13:10:00.000000000,normal hours,1.86,Dry,25.5,47.43
BERNICA,Wed,2025-06-25,08:18:00.000000000,TRIU8030806,08:27:00.000000000,normal hours,3.19,Dry,25.5,81.345
BERNICA,Wed,2025-06-25,16:58:00.000000000,TTNU8203342,16:58:00.000000000,normal hours,0.84,Dry,25.5,21.419999999999998
BERNICA,Wed,2025-06-25,12:22:00.000000000,TTNU8203492,16:58:00.000000000,normal hours,27.85,Dry,25.5,710.1750000000001
BERNICA,Wed,2025-06-25,14:18:00.000000000,TTNU8204924,16:50:00.000000000,normal hours,26.88,Dry,25.5,685.4399999999999
BERNICA,Thu,2025-06-26,08:26:00.000000000,TTNU8203342,11:33:00.000000000,normal hours,26.12,Dry,25.5,666.0600000000001
BERNICA,Thu,2025-06-26,11:35:00.000000000,TTNU8336350,13:05:00.000000000,normal hours,16.14,Dry,25.5,411.57
ALAKRANA,Thu,2025-07-17,08:22:00.000000000,TCLU1265804,10:41:00.000000000,normal hours,27.37,Brine,25.5,697.9350000000001
ALAKRANA,Thu,2025-07-17,16:14:00.000000000,TTNU8193347,16:49:00.000000000,normal hours,7.87,Brine,25.5,200.685
ALAKRANA,Thu,2025-07-17,13:08:00.000000000,TTNU8194786,15:27:00.000000000,normal hours,27.38,Brine,25.5,698.1899999999999
ALAKRANA,Thu,2025-07-17,11:09:00.000000000,TTNU8203358,12:57:00.000000000,normal hours,27.45,Brine,25.5,699.975
ALAKRANA,Fri,2025-07-18,10:09:00.000000000,TCLU1217149,11:43:00.000000000,normal hours,26.92,Brine,25.5,686.46
ALAKRANA,Fri,2025-07-18,12:12:00.000000000,TLLU1034085,13:47:00.000000000,normal hours,27.36,Brine,25.5,697.68
ALAKRANA,Fri,2025-07-18,14:00:00.000000000,TRIU8030806,15:23:00.000000000,normal hours,27.07,Brine,25.5,690.285
ALAKRANA,Fri,2025-07-18,15:49:00.000000000,TRIU8980882,16:28:00.000000000,normal hours,23.73,Brine,25.5,605.115
ALAKRANA,Fri,2025-07-18,08:22:00.000000000,TTNU8193347,09:45:00.000000000,normal hours,19.27,Brine,25.5,491.385
ALAKRANA,Sat,2025-07-19,10:34:00.000000000,TCLU1269414,11:34:00.000000000,normal hours,27.43,Brine,25.5,699.465
ALAKRANA,Sat,2025-07-19,13:20:00.000000000,TLLU1034845,14:25:00.000000000,normal hours,26.98,Brine,25.5,687.99
ALAKRANA,Sat,2025-07-19,08:32:00.000000000,TRIU8980882,08:38:00.000000000,normal hours,3.3,Brine,25.5,84.14999999999999
ALAKRANA,Sat,2025-07-19,11:09:00.000000000,TTNU8076079,12:00:00.000000000,normal hours,26.81,Brine,25.5,683.655
ALAKRANA,Sat,2025-07-19,15:24:00.000000000,TTNU8202599,16:09:00.000000000,normal hours,26.97,Brine,25.5,687.735
ALAKRANA,Sat,2025-07-19,12:10:00.000000000,TTNU8203105,13:16:00.000000000,normal hours,26.99,Brine,25.5,688.245
ALAKRANA,Sat,2025-07-19,08:25:00.000000000,TTNU8203677,09:13:00.000000000,normal hours,26.94,Brine,25.5,686.97
ALAKRANA,Sat,2025-07-19,09:16:00.000000000,TTNU8203830,10:06:00.000000000,normal hours,27.05,Brine,25.5,689.775
ALAKRANA,Sat,2025-07-19,15:21:00.000000000,TTNU8203975,16:25:00.000000000,normal hours,27.22,Brine,25.5,694.11
ALAKRANA,Sat,2025-07-19,14:35:00.000000000,TTNU8204293,15:17:00.000000000,normal hours,26.86,Brine,25.5,684.93
ALAKRANA,Sat,2025-07-19,09:37:00.000000000,TTNU8204420,10:24:00.000000000,normal hours,27.46,Brine,25.5,700.23
ALAKRANA,Sat,2025-07-19,12:49:00.000000000,TTNU8233579,14:11:00.000000000,normal hours,27.37,Brine,25.5,697.9350000000001
ALAKRANA,Sat,2025-07-19,10:12:00.000000000,TTNU8338116,11:00:00.000000000,normal hours,26.88,Brine,25.5,685.4399999999999
ALAKRANA,Sat,2025-07-19,11:45:00.000000000,TTNU8338522,13:33:00.000000000,normal hours,27.41,Brine,25.5,698.955
ALAKRANA,Sat,2025-07-19,14:57:00.000000000,TTNU8374670,15:11:00.000000000,normal hours,27.49,Brine,25.5,700.995
ALAKRANA,Sun,2025-07-20,08:39:00.000000000,TLLU1040431,09:42:00.000000000,overtime 150%,27.69,Brine,25.5,1059.1425
ALAKRANA,Sun,2025-07-20,09:50:00.000000000,TRIU8898310,11:39:00.000000000,overtime 150%,20.34,Brine,25.5,778.0049999999999
ELAI ALAI,Tue,2025-07-22,16:39:00.000000000,TTNU8057021,16:56:00.000000000,normal hours,6.3,Brine,25.5,160.65
ELAI ALAI,Wed,2025-07-23,08:29:00.000000000,TTNU8057021,10:54:00.000000000,normal hours,20.6,Brine,25.5,525.3000000000001
ELAI ALAI,Fri,2025-07-25,10:58:00.000000000,TCLU1221914,14:27:00.000000000,normal hours,27.76,Brine,25.5,707.88
ELAI ALAI,Fri,2025-07-25,15:00:00.000000000,TCLU1275588,16:50:00.000000000,normal hours,16.04,Brine,25.5,409.02
ELAI ALAI,Fri,2025-07-25,09:35:00.000000000,TLLU1032550,11:42:00.000000000,normal hours,27.49,Brine,25.5,700.995
ELAI ALAI,Fri,2025-07-25,12:05:00.000000000,TTNU8016059,14:48:00.000000000,normal hours,27.68,Brine,25.5,705.84
ELAI ALAI,Fri,2025-07-25,14:56:00.000000000,TTNU8071858,16:49:00.000000000,normal hours,15.97,Brine,25.5,407.235
ELAI ALAI,Sat,2025-07-26,14:07:00.000000000,TCLU1221339,16:54:00.000000000,normal hours,15.72,Brine,25.5,400.86
ELAI ALAI,Sat,2025-07-26,17:05:00.000000000,TCLU1221339,17:20:00.000000000,overtime 150%,2.6,Brine,25.5,99.44999999999999
ELAI ALAI,Sat,2025-07-26,08:28:00.000000000,TCLU1275588,10:48:00.000000000,normal hours,11.55,Brine,25.5,294.52500000000003
ELAI ALAI,Sat,2025-07-26,11:10:00.000000000,TTNU8054125,13:27:00.000000000,normal hours,24.01,Brine,25.5,612.255
ELAI ALAI,Sat,2025-07-26,09:18:00.000000000,TTNU8056832,12:32:00.000000000,normal hours,27.53,Brine,25.5,702.015
ELAI ALAI,Sat,2025-07-26,08:18:00.000000000,TTNU8071858,09:04:00.000000000,normal hours,6.42,Brine,25.5,163.71
ELAI ALAI,Sat,2025-07-26,12:47:00.000000000,TTNU8339350,16:27:00.000000000,normal hours,18.57,Brine,25.5,473.535
ELAI ALAI,Sat,2025-07-26,17:30:00.000000000,TTNU8339350,17:59:00.000000000,overtime 150%,8.3,Brine,25.5,317.475
ELAI ALAI,Sun,2025-07-27,09:09:00.000000000,TCLU1221339,09:36:00.000000000,overtime 150%,9.18,Brine,25.5,351.135
ELAI ALAI,Sun,2025-07-27,13:47:00.000000000,TCLU1264583,15:45:00.000000000,overtime 150%,15.83,Brine,25.5,605.4975000000001
ELAI ALAI,Sun,2025-07-27,08:36:00.000000000,TRIU8880815,13:38:00.000000000,overtime 150%,27.74,Brine,25.5,1061.055
IZARO,Sun,2025-08-03,09:00:00.000000000,TCLU1222417,09:45:00.000000000,overtime 150%,27.54,Brine,25.5,1053.405
IZARO,Sun,2025-08-03,10:01:00.000000000,TRIU8864476,11:51:00.000000000,overtime 150%,27.42,Brine,25.5,1048.815
IZARO,Sun,2025-08-03,12:07:00.000000000,TTNU8202710,15:58:00.000000000,overtime 150%,25.87,Brine,25.5,989.5275000000001
IZARO,Sun,2025-08-03,16:37:00.000000000,TTNU8202710,16:37:00.000000000,overtime 200%,1.5,Brine,25.5,76.5
IZARO,Sun,2025-08-03,10:46:00.000000000,TTNU8203445,12:59:00.000000000,overtime 150%,27.56,Brine,25.5,1054.17
IZARO,Sun,2025-08-03,13:02:00.000000000,TTNU8494525,15:09:00.000000000,overtime 150%,10.01,Brine,25.5,382.8825
IZARO,Sun,2025-08-03,16:51:00.000000000,TTNU8494525,16:51:00.000000000,overtime 200%,0.41,Brine,25.5,20.91
ATERPE ALAI,Tue,2025-08-05,08:14:00.000000000,TLLU1030768,09:03:00.000000000,normal hours,27.31,Brine,25.5,696.405
ATERPE ALAI,Tue,2025-08-05,14:54:00.000000000,TLLU1034505,16:34:00.000000000,normal hours,23.31,Brine,25.5,594.405
ATERPE ALAI,Tue,2025-08-05,10:38:00.000000000,TRIU8068294,12:19:00.000000000,normal hours,27.14,Brine,25.5,692.07
ATERPE ALAI,Tue,2025-08-05,14:30:00.000000000,TTNU8203430,16:41:00.000000000,normal hours,27.12,Brine,25.5,691.5600000000001
ATERPE ALAI,Tue,2025-08-05,12:24:00.000000000,TTNU8204288,13:14:00.000000000,normal hours,27.28,Brine,25.5,695.64
ATERPE ALAI,Tue,2025-08-05,17:02:00.000000000,TTNU8283158,18:23:00.000000000,overtime 150%,8.31,Brine,25.5,317.8575
ATERPE ALAI,Tue,2025-08-05,13:49:00.000000000,TTNU8340427,14:27:00.000000000,normal hours,27.01,Brine,25.5,688.755
ATERPE ALAI,Tue,2025-08-05,13:16:00.000000000,TTNU8374957,13:41:00.000000000,normal hours,27.57,Brine,25.5,703.035
ATERPE ALAI,Tue,2025-08-05,09:16:00.000000000,TTNU8388462,10:26:00.000000000,normal hours,28.38,Brine,25.5,723.6899999999999
AVEL VAD,Tue,2025-08-19,16:31:00.000000000,TCLU1216780,16:41:00.000000000,normal hours,3.17,Brine,25.5,80.835
AVEL VAD,Tue,2025-08-19,08:29:00.000000000,TCLU1263735,09:12:00.000000000,normal hours,26.96,Brine,25.5,687.48
AVEL VAD,Tue,2025-08-19,09:24:00.000000000,TCLU1271052,13:35:00.000000000,normal hours,26.99,Brine,25.5,688.245
AVEL VAD,Tue,2025-08-19,09:01:00.000000000,TLLU1030120,16:18:00.000000000,normal hours,23.48,Brine,25.5,598.74
AVEL VAD,Tue,2025-08-19,13:12:00.000000000,TLLU1033854,14:15:00.000000000,normal hours,27.0,Brine,25.5,688.5
AVEL VAD,Tue,2025-08-19,14:01:00.000000000,TLLU1034953,15:51:00.000000000,normal hours,26.96,Brine,25.5,687.48
AVEL VAD,Tue,2025-08-19,09:20:00.000000000,TRIU8011175,10:48:00.000000000,normal hours,26.89,Brine,25.5,685.695
AVEL VAD,Tue,2025-08-19,11:05:00.000000000,TTNU8204441,13:04:00.000000000,normal hours,26.83,Brine,25.5,684.165
AVEL VAD,Tue,2025-08-19,15:25:00.000000000,TTNU8204903,16:42:00.000000000,normal hours,25.72,Brine,25.5,655.86
AVEL VAD,Wed,2025-08-20,08:17:00.000000000,TCLU1216780,09:16:00.000000000,normal hours,23.79,Brine,25.5,606.645
AVEL VAD,Wed,2025-08-20,12:09:00.000000000,TCLU1216899,13:07:00.000000000,normal hours,26.98,Brine,25.5,687.99
AVEL VAD,Wed,2025-08-20,14:08:00.000000000,TCLU1268423,16:30:00.000000000,normal hours,22.91,Brine,25.5,584.205
AVEL VAD,Wed,2025-08-20,08:23:00.000000000,TCLU1273878,09:17:00.000000000,normal hours,26.92,Brine,25.5,686.46
AVEL VAD,Wed,2025-08-20,11:05:00.000000000,TLLU1032518,12:03:00.000000000,normal hours,27.04,Brine,25.5,689.52
AVEL VAD,Wed,2025-08-20,13:50:00.000000000,TLLU1034932,14:41:00.000000000,normal hours,26.92,Brine,25.5,686.46
AVEL VAD,Wed,2025-08-20,09:25:00.000000000,TTNU8203070,11:41:00.000000000,normal hours,26.92,Brine,25.5,686.46
AVEL VAD,Wed,2025-08-20,12:00:00.000000000,TTNU8204225,13:56:00.000000000,normal hours,18.87,Brine,25.5,481.185
AVEL VAD,Wed,2025-08-20,14:48:00.000000000,TTNU8204400,16:48:00.000000000,normal hours,21.55,Brine,25.5,549.525
AVEL VAD,Wed,2025-08-20,14:53:00.000000000,TTNU8204478,16:48:00.000000000,normal hours,19.36,Brine,25.5,493.68
AVEL VAD,Wed,2025-08-20,09:20:00.000000000,TTNU8281643,11:00:00.000000000,normal hours,27.04,Brine,25.5,689.52
AVEL VAD,Thu,2025-08-21,08:23:00.000000000,TCLU1268423,08:32:00.000000000,normal hours,4.07,Brine,25.5,103.78500000000001
AVEL VAD,Thu,2025-08-21,09:46:00.000000000,TCLU1271010,10:56:00.000000000,normal hours,26.9,Brine,25.5,685.9499999999999
AVEL VAD,Thu,2025-08-21,08:55:00.000000000,TLLU1030351,11:46:00.000000000,normal hours,26.89,Brine,25.5,685.695
AVEL VAD,Thu,2025-08-21,08:33:00.000000000,TLLU1030433,09:40:00.000000000,normal hours,27.05,Brine,25.5,689.775
AVEL VAD,Thu,2025-08-21,14:16:00.000000000,TLLU1030562,16:55:00.000000000,normal hours,22.18,Brine,25.5,565.59
AVEL VAD,Thu,2025-08-21,17:33:00.000000000,TLLU1030562,17:59:00.000000000,overtime 150%,3.89,Brine,25.5,148.79250000000002
AVEL VAD,Thu,2025-08-21,13:43:00.000000000,TTNU8034880,14:22:00.000000000,normal hours,26.89,Brine,25.5,685.695
AVEL VAD,Thu,2025-08-21,11:01:00.000000000,TTNU8203614,13:37:00.000000000,normal hours,26.94,Brine,25.5,686.97
AVEL VAD,Thu,2025-08-21,14:26:00.000000000,TTNU8204061,15:20:00.000000000,normal hours,26.81,Brine,25.5,683.655
AVEL VAD,Thu,2025-08-21,08:16:00.000000000,TTNU8204400,08:27:00.000000000,normal hours,5.27,Brine,25.5,134.385
AVEL VAD,Thu,2025-08-21,09:22:00.000000000,TTNU8204478,09:36:00.000000000,normal hours,7.77,Brine,25.5,198.135
AVEL VAD,Thu,2025-08-21,12:39:00.000000000,TTNU8204924,14:10:00.000000000,normal hours,26.96,Brine,25.5,687.48
EUSKADI ALAI,Fri,2025-08-22,10:22:00.000000000,TCLU1225308,12:04:00.000000000,normal hours,28.57,Brine,25.5,728.535
EUSKADI ALAI,Fri,2025-08-22,12:07:00.000000000,TRIU8033045,14:12:00.000000000,normal hours,28.7,Brine,25.5,731.85
EUSKADI ALAI,Fri,2025-08-22,16:23:00.000000000,TTNU8058692,16:51:00.000000000,normal hours,7.78,Brine,25.5,198.39000000000001
EUSKADI ALAI,Fri,2025-08-22,14:17:00.000000000,TTNU8203363,16:05:00.000000000,normal hours,27.46,Brine,25.5,700.23
EUSKADI ALAI,Sat,2025-08-23,15:16:00.000000000,TCLU1265342,16:57:00.000000000,normal hours,19.73,Brine,25.5,503.115
EUSKADI ALAI,Sat,2025-08-23,11:20:00.000000000,TLLU1030691,14:11:00.000000000,normal hours,28.07,Brine,25.5,715.785
EUSKADI ALAI,Sat,2025-08-23,08:27:00.000000000,TTNU8058692,10:11:00.000000000,normal hours,19.83,Brine,25.5,505.66499999999996
EUSKADI ALAI,Sat,2025-08-23,13:00:00.000000000,TTNU8202599,14:40:00.000000000,normal hours,23.93,Brine,25.5,610.215
EUSKADI ALAI,Sat,2025-08-23,15:00:00.000000000,TTNU8202813,16:44:00.000000000,normal hours,19.01,Brine,25.5,484.75500000000005
EUSKADI ALAI,Sat,2025-08-23,10:25:00.000000000,TTNU8204966,12:52:00.000000000,normal hours,27.53,Brine,25.5,702.015
EUSKADI ALAI,Sun,2025-08-24,12:21:00.000000000,IKSU5203522,14:26:00.000000000,overtime 150%,27.99,Brine,25.5,1070.6175
EUSKADI ALAI,Sun,2025-08-24,10:58:00.000000000,TCLU1228570,12:59:00.000000000,overtime 150%,27.73,Brine,25.5,1060.6725000000001
EUSKADI ALAI,Sun,2025-08-24,08:19:00.000000000,TCLU1265342,08:39:00.000000000,overtime 150%,7.77,Brine,25.5,297.2025
EUSKADI ALAI,Sun,2025-08-24,13:06:00.000000000,TLLU1030752,14:53:00.000000000,overtime 150%,27.99,Brine,25.5,1070.6175
EUSKADI ALAI,Sun,2025-08-24,15:04:00.000000000,TLLU1033833,15:56:00.000000000,overtime 150%,15.46,Brine,25.5,591.345
EUSKADI ALAI,Sun,2025-08-24,09:28:00.000000000,TLLU1034803,12:05:00.000000000,overtime 150%,27.27,Brine,25.5,1043.0774999999999
EUSKADI ALAI,Sun,2025-08-24,08:36:00.000000000,TTNU8202813,08:58:00.000000000,overtime 150%,8.68,Brine,25.5,332.01
EUSKADI ALAI,Sun,2025-08-24,08:45:00.000000000,TTNU8204610,10:45:00.000000000,overtime 150%,28.09,Brine,25.5,1074.4424999999999
EUSKADI ALAI,Sun,2025-08-24,14:36:00.000000000,TTNU8374670,15:44:00.000000000,overtime 150%,14.3,Brine,25.5,546.975
EUSKADI ALAI,Mon,2025-08-25,09:10:00.000000000,TCLU1227912,15:35:00.000000000,normal hours,28.26,Brine,25.5,720.63
EUSKADI ALAI,Mon,2025-08-25,08:36:00.000000000,TLLU1033833,09:02:00.000000000,normal hours,12.41,Brine,25.5,316.455
EUSKADI ALAI,Mon,2025-08-25,11:45:00.000000000,TLLU1034845,16:40:00.000000000,normal hours,28.0,Brine,25.5,714.0
EUSKADI ALAI,Mon,2025-08-25,16:52:00.000000000,TTNU8203086,16:55:00.000000000,normal hours,3.55,Brine,25.5,90.52499999999999
EUSKADI ALAI,Mon,2025-08-25,17:17:00.000000000,TTNU8203086,20:50:00.000000000,overtime 150%,27.13,Brine,25.5,1037.7224999999999
EUSKADI ALAI,Mon,2025-08-25,09:11:00.000000000,TTNU8204293,11:33:00.000000000,normal hours,27.9,Brine,25.5,711.4499999999999
EUSKADI ALAI,Mon,2025-08-25,08:20:00.000000000,TTNU8374670,08:44:00.000000000,normal hours,12.9,Brine,25.5,328.95
IZARO,Thu,2025-08-28,12:49:00.000000000,TLLU1034927,14:05:00.000000000,normal hours,27.57,Brine,25.5,703.035
IZARO,Thu,2025-08-28,11:10:00.000000000,TTNU8056787,12:21:00.000000000,normal hours,27.47,Brine,25.5,700.485
IZARO,Thu,2025-08-28,14:20:00.000000000,TTNU8203960,14:59:00.000000000,normal hours,18.39,Brine,25.5,468.945
IZARO,Thu,2025-08-28,09:43:00.000000000,TTNU8204204,10:45:00.000000000,normal hours,27.286,Brine,25.5,695.793
IZARO,Thu,2025-08-28,08:00:00.000000000,TTNU8233579,09:18:00.000000000,normal hours,27.74,Brine,25.5,707.37
ATERPE ALAI,Fri,2025-09-12,12:10:00.000000000,TCLU1269570,14:57:00.000000000,normal hours,27.66,Brine,25.5,705.33
ATERPE ALAI,Fri,2025-09-12,15:06:00.000000000,TRIU8881637,16:32:00.000000000,normal hours,19.02,Brine,25.5,485.01
ATERPE ALAI,Fri,2025-09-12,08:27:00.000000000,TRIU8897567,09:42:00.000000000,normal hours,27.92,Brine,25.5,711.96
ATERPE ALAI,Fri,2025-09-12,13:58:00.000000000,TTNU8193347,16:55:00.000000000,normal hours,14.53,Brine,25.5,370.515
ATERPE ALAI,Fri,2025-09-12,10:00:00.000000000,TTNU8202963,11:56:00.000000000,normal hours,27.78,Brine,25.5,708.39
ATERPE ALAI,Fri,2025-09-12,09:01:00.000000000,TTNU8203403,13:37:00.000000000,normal hours,26.6,Brine,25.5,678.3000000000001
ATERPE ALAI,Sat,2025-09-13,14:54:00.000000000,TCLU1268681,16:09:00.000000000,normal hours,28.81,Brine,25.5,734.655
ATERPE ALAI,Sat,2025-09-13,09:35:00.000000000,TLLU1033643,12:42:00.000000000,normal hours,27.62,Brine,25.5,704.3100000000001
ATERPE ALAI,Sat,2025-09-13,08:34:00.000000000,TRIU8881637,09:25:00.000000000,normal hours,8.91,Brine,25.5,227.205
ATERPE ALAI,Sat,2025-09-13,08:54:00.000000000,TTNU8193347,12:15:00.000000000,normal hours,11.94,Brine,25.5,304.46999999999997
ATERPE ALAI,Sat,2025-09-13,12:41:00.000000000,TTNU8203110,15:39:00.000000000,normal hours,27.56,Brine,25.5,702.78
ATERPE ALAI,Sat,2025-09-13,13:01:00.000000000,TTNU8203548,14:25:00.000000000,normal hours,27.8,Brine,25.5,708.9
ATERPE ALAI,Sat,2025-09-13,15:58:00.000000000,TTNU8203677,16:43:00.000000000,normal hours,5.26,Brine,25.5,134.13
ATERPE ALAI,Sat,2025-09-13,16:21:00.000000000,TTNU8283158,16:46:00.000000000,normal hours,4.95,Brine,25.5,126.22500000000001
ATERPE ALAI,Sun,2025-09-14,11:34:00.000000000,TCLU1217149,14:40:00.000000000,overtime 150%,25.78,Brine,25.5,986.085
ATERPE ALAI,Sun,2025-09-14,14:53:00.000000000,TCLU1265804,15:47:00.000000000,overtime 150%,6.24,Brine,25.5,238.68
ATERPE ALAI,Sun,2025-09-14,13:06:00.000000000,TTNU8203430,15:47:00.000000000,overtime 150%,22.09,Brine,25.5,844.9424999999999
ATERPE ALAI,Sun,2025-09-14,09:20:00.000000000,TTNU8203445,11:21:00.000000000,overtime 150%,28.18,Brine,25.5,1077.885
ATERPE ALAI,Sun,2025-09-14,08:25:00.000000000,TTNU8203677,12:07:00.000000000,overtime 150%,22.36,Brine,25.5,855.27
ATERPE ALAI,Sun,2025-09-14,08:17:00.000000000,TTNU8283158,08:56:00.000000000,overtime 150%,22.81,Brine,25.5,872.4825
ATERPE ALAI,Mon,2025-09-15,09:16:00.000000000,TCLU1223305,12:04:00.000000000,normal hours,27.54,Brine,25.5,702.27
ATERPE ALAI,Mon,2025-09-15,10:23:00.000000000,TCLU1265804,11:55:00.000000000,normal hours,23.13,Brine,25.5,589.8149999999999
ATERPE ALAI,Mon,2025-09-15,17:18:00.000000000,TCLU1268608,19:41:00.000000000,overtime 150%,16.15,Brine,25.5,617.7375
ATERPE ALAI,Mon,2025-09-15,12:51:00.000000000,TLLU1030768,15:30:00.000000000,normal hours,28.01,Brine,25.5,714.255
ATERPE ALAI,Mon,2025-09-15,14:31:00.000000000,TLLU1033010,16:49:00.000000000,normal hours,26.46,Brine,25.5,674.73
ATERPE ALAI,Mon,2025-09-15,17:32:00.000000000,TLLU1033010,17:32:00.000000000,overtime 150%,1.4,Brine,25.5,53.55
ATERPE ALAI,Mon,2025-09-15,08:54:00.000000000,TTNU8203430,09:03:00.000000000,normal hours,6.15,Brine,25.5,156.82500000000002
ATERPE ALAI,Mon,2025-09-15,12:48:00.000000000,TTNU8203738,14:00:00.000000000,normal hours,28.15,Brine,25.5,717.8249999999999
ATERPE ALAI,Mon,2025-09-15,08:23:00.000000000,TTNU8204420,10:15:00.000000000,normal hours,28.18,Brine,25.5,718.59
GALERNA DOS,Thu,2025-09-25,11:14:00.000000000,TTNU8056030,16:42:00.000000000,normal hours,9.11,Brine,25.5,232.30499999999998
GALERNA DOS,Thu,2025-09-25,18:23:00.000000000,TTNU8056030,18:28:00.000000000,overtime 150%,1.43,Brine,25.5,54.69749999999999
IZARO,Fri,2025-10-03,11:18:00.000000000,TLLU1034980,15:09:00.000000000,normal hours,27.19,Brine,25.5,693.345
IZARO,Fri,2025-10-03,08:30:00.000000000,TTNU8192042,10:56:00.000000000,normal hours,27.35,Brine,25.5,697.4250000000001
IZARO,Fri,2025-10-03,15:21:00.000000000,TTNU8203614,16:46:00.000000000,normal hours,9.39,Brine,25.5,239.44500000000002
IZARO,Sat,2025-10-04,11:48:00.000000000,TCLU1221914,15:09:00.000000000,normal hours,27.26,Brine,25.5,695.13
IZARO,Sat,2025-10-04,15:16:00.000000000,TRIU8031103,16:28:00.000000000,normal hours,16.96,Brine,25.5,432.48
IZARO,Sat,2025-10-04,08:24:00.000000000,TTNU8203614,11:30:00.000000000,normal hours,18.16,Brine,25.5,463.08
IZARO,Sun,2025-10-05,12:53:00.000000000,TCLU1269414,15:15:00.000000000,overtime 150%,22.8,Brine,25.5,872.0999999999999
IZARO,Sun,2025-10-05,09:40:00.000000000,TLLU1033936,12:45:00.000000000,overtime 150%,27.29,Brine,25.5,1043.8425
IZARO,Sun,2025-10-05,08:24:00.000000000,TRIU8031103,09:20:00.000000000,overtime 150%,11.2,Brine,25.5,428.4
IZARO,Mon,2025-10-06,08:17:00.000000000,TCLU1269414,08:24:00.000000000,normal hours,4.63,Brine,25.5,118.065
IZARO,Mon,2025-10-06,16:38:00.000000000,TCLU1271052,16:38:00.000000000,normal hours,1.54,Brine,25.5,39.27
IZARO,Mon,2025-10-06,17:48:00.000000000,TCLU1271052,18:48:00.000000000,overtime 150%,13.59,Brine,25.5,519.8175
IZARO,Mon,2025-10-06,08:26:00.000000000,TLLU1030433,11:21:00.000000000,normal hours,27.45,Brine,25.5,699.975
IZARO,Mon,2025-10-06,11:34:00.000000000,TTNU8057021,13:43:00.000000000,normal hours,27.37,Brine,25.5,697.9350000000001
IZARO,Mon,2025-10-06,13:49:00.000000000,TTNU8192823,16:35:00.000000000,normal hours,27.45,Brine,25.5,699.975
IZARO,Tue,2025-10-07,08:21:00.000000000,TCLU1271052,08:41:00.000000000,normal hours,12.25,Brine,25.5,312.375
IZARO,Tue,2025-10-07,08:50:00.000000000,TLLU1032518,11:13:00.000000000,normal hours,27.47,Brine,25.5,700.485
IZARO,Tue,2025-10-07,11:26:00.000000000,TTNU8203070,14:50:00.000000000,normal hours,27.14,Brine,25.5,692.07
JAI ALAI,PH,2025-10-13,10:40:00.000000000,TCLU1223305,12:34:00.000000000,overtime 150%,27.94,Brine,25.5,1068.705
JAI ALAI,PH,2025-10-13,12:44:00.000000000,TLLU1030768,14:44:00.000000000,overtime 150%,27.75,Brine,25.5,1061.4375
JAI ALAI,PH,2025-10-13,15:00:00.000000000,TRIU8880815,15:31:00.000000000,overtime 150%,19.92,Brine,25.5,761.94
JAI ALAI,PH,2025-10-13,08:44:00.000000000,TTNU8283158,10:57:00.000000000,overtime 150%,27.8,Brine,25.5,1063.35
JAI ALAI,Tue,2025-10-14,16:09:00.000000000,TCLU1221339,16:49:00.000000000,normal hours,8.76,Brine,25.5,223.38
JAI ALAI,Tue,2025-10-14,12:38:00.000000000,TCLU1269414,14:07:00.000000000,normal hours,27.54,Brine,25.5,702.27
JAI ALAI,Tue,2025-10-14,10:12:00.000000000,TLLU1034085,12:19:00.000000000,normal hours,27.54,Brine,25.5,702.27
JAI ALAI,Tue,2025-10-14,08:17:00.000000000,TRIU8880815,08:26:00.000000000,normal hours,7.53,Brine,25.5,192.01500000000001
JAI ALAI,Tue,2025-10-14,14:25:00.000000000,TTNU8204966,15:41:00.000000000,normal hours,27.6,Brine,25.5,703.8000000000001
JAI ALAI,Tue,2025-10-14,08:41:00.000000000,TTNU8339350,09:56:00.000000000,normal hours,27.29,Brine,25.5,695.895
JAI ALAI,Wed,2025-10-15,08:05:00.000000000,TCLU1221339,08:53:00.000000000,normal hours,18.83,Brine,25.5,480.16499999999996
JAI ALAI,Wed,2025-10-15,10:41:00.000000000,TLLU1033330,12:15:00.000000000,normal hours,27.64,Brine,25.5,704.82
JAI ALAI,Wed,2025-10-15,15:19:00.000000000,TLLU1034280,16:47:00.000000000,normal hours,27.03,Brine,25.5,689.265
JAI ALAI,Wed,2025-10-15,09:02:00.000000000,TRIU8980882,10:34:00.000000000,normal hours,27.66,Brine,25.5,705.33
JAI ALAI,Thu,2025-10-16,08:30:00.000000000,TTNU8071858,09:54:00.000000000,normal hours,27.48,Brine,25.5,700.74
JAI ALAI,Thu,2025-10-16,10:06:00.000000000,TTNU8494525,12:28:00.000000000,normal hours,17.13,Brine,25.5,436.815
JAI ALAI,PH,2025-11-01,08:30:00.000000000,TLLU1033936,11:59:00.000000000,overtime 150%,28.03,Brine,25.5,1072.1475
JAI ALAI,PH,2025-11-01,12:15:00.000000000,TTNU8203363,14:23:00.000000000,overtime 150%,28.24,Brine,25.5,1080.18
JAI ALAI,PH,2025-11-01,14:00:00.000000000,TTNU8203614,15:51:00.000000000,overtime 150%,23.05,Brine,25.5,881.6624999999999
JAI ALAI,PH,2025-11-01,16:03:00.000000000,TTNU8203614,16:14:00.000000000,overtime 200%,4.97,Brine,25.5,253.47
PENDRUC,Wed,2025-11-26,09:39:00.000000000,IKSU5203522,11:17:00.000000000,normal hours,26.96,Brine,25.5,687.48
PENDRUC,Wed,2025-11-26,15:52:00.000000000,TCLU1275588,16:49:00.000000000,normal hours,10.66,Brine,25.5,271.83
PENDRUC,Wed,2025-11-26,12:40:00.000000000,TLLU1030768,14:06:00.000000000,normal hours,26.95,Brine,25.5,687.225
PENDRUC,Wed,2025-11-26,08:29:00.000000000,TLLU1032518,09:30:00.000000000,normal hours,26.94,Brine,25.5,686.97
PENDRUC,Wed,2025-11-26,13:12:00.000000000,TLLU1033010,15:36:00.000000000,normal hours,27.0,Brine,25.5,688.5
PENDRUC,Wed,2025-11-26,14:15:00.000000000,TLLU1034465,15:48:00.000000000,normal hours,26.79,Brine,25.5,683.145
PENDRUC,Wed,2025-11-26,16:05:00.000000000,TTNU8203070,16:48:00.000000000,normal hours,13.76,Brine,25.5,350.88
PENDRUC,Wed,2025-11-26,08:36:00.000000000,TTNU8203110,10:02:00.000000000,normal hours,26.95,Brine,25.5,687.225
PENDRUC,Wed,2025-11-26,11:34:00.000000000,TTNU8283158,12:42:00.000000000,normal hours,26.87,Brine,25.5,685.1850000000001
PENDRUC,Wed,2025-11-26,10:20:00.000000000,TTNU8494525,13:02:00.000000000,normal hours,26.72,Brine,25.5,681.36
PENDRUC,Thu,2025-11-27,13:08:00.000000000,TCLU1268608,16:50:00.000000000,normal hours,15.62,Brine,25.5,398.31
PENDRUC,Thu,2025-11-27,08:18:00.000000000,TCLU1275588,09:29:00.000000000,normal hours,16.24,Brine,25.5,414.11999999999995
PENDRUC,Thu,2025-11-27,09:53:00.000000000,TLLU1040112,11:34:00.000000000,normal hours,26.84,Brine,25.5,684.42
PENDRUC,Thu,2025-11-27,08:10:00.000000000,TTNU8203070,09:09:00.000000000,normal hours,13.13,Brine,25.5,334.815
PENDRUC,Thu,2025-11-27,11:03:00.000000000,TTNU8203738,12:13:00.000000000,normal hours,26.95,Brine,25.5,687.225
PENDRUC,Thu,2025-11-27,12:00:00.000000000,TTNU8204420,12:22:00.000000000,normal hours,7.26,Brine,25.5,185.13
PENDRUC,Thu,2025-11-27,12:20:00.000000000,TTNU8279749,16:48:00.000000000,normal hours,26.89,Brine,25.5,685.695
PENDRUC,Thu,2025-11-27,09:29:00.000000000,TTNU8478885,10:47:00.000000000,normal hours,27.04,Brine,25.5,689.52
PENDRUC,Fri,2025-11-28,09:30:00.000000000,TCLU1268608,13:13:00.000000000,normal hours,9.28,Brine,25.5,236.64
PENDRUC,Fri,2025-11-28,09:01:00.000000000,TTNU8204420,09:22:00.000000000,normal hours,9.99,Brine,25.5,254.745
PENDRUC,Sat,2025-11-29,10:04:00.000000000,TCLU1268608,10:04:00.000000000,normal hours,2.03,Brine,25.5,51.76499999999999
PENDRUC,Sat,2025-11-29,10:37:00.000000000,TCLU1268681,15:00:00.000000000,normal hours,29.47,Brine,25.5,751.485
PENDRUC,Sat,2025-11-29,15:05:00.000000000,TLLU1032550,16:59:00.000000000,normal hours,28.46,Brine,25.5,725.73
PENDRUC,Sun,2025-11-30,11:48:00.000000000,TLLU1034280,14:49:00.000000000,overtime 150%,26.95,Brine,25.5,1030.8375
PENDRUC,Sun,2025-11-30,15:26:00.000000000,TTNU8071858,15:40:00.000000000,overtime 150%,6.1,Brine,25.5,233.325
PENDRUC,Sun,2025-11-30,16:44:00.000000000,TTNU8071858,18:27:00.000000000,overtime 200%,4.88,Brine,25.5,248.88
PENDRUC,Sun,2025-11-30,08:32:00.000000000,TTNU8339350,11:41:00.000000000,overtime 150%,27.05,Brine,25.5,1034.6625
TORRE ITALIA,Mon,2025-12-22,11:49:00.000000000,TCLU1273878,12:34:00.000000000,normal hours,26.76,Brine,25.5,682.38
TORRE ITALIA,Mon,2025-12-22,09:25:00.000000000,TLLU1033330,10:14:00.000000000,normal hours,26.93,Brine,25.5,686.715
TORRE ITALIA,Mon,2025-12-22,15:13:00.000000000,TTNU8056832,15:57:00.000000000,normal hours,26.93,Brine,25.5,686.715
TORRE ITALIA,Mon,2025-12-22,13:50:00.000000000,TTNU8202599,14:23:00.000000000,normal hours,26.99,Brine,25.5,688.245
TORRE ITALIA,Mon,2025-12-22,11:09:00.000000000,TTNU8202963,11:50:00.000000000,normal hours,26.93,Brine,25.5,686.715
TORRE ITALIA,Mon,2025-12-22,10:24:00.000000000,TTNU8203614,10:57:00.000000000,normal hours,27.05,Brine,25.5,689.775
TORRE ITALIA,Mon,2025-12-22,12:47:00.000000000,TTNU8204293,13:41:00.000000000,normal hours,27.18,Brine,25.5,693.09
TORRE ITALIA,Mon,2025-12-22,14:36:00.000000000,TTNU8233579,15:02:00.000000000,normal hours,26.96,Brine,25.5,687.48
TORRE ITALIA,Tue,2025-12-23,09:28:00.000000000,TLLU1030541,10:07:00.000000000,normal hours,26.83,Brine,25.5,684.165
TORRE ITALIA,Tue,2025-12-23,14:02:00.000000000,TLLU1030752,14:38:00.000000000,normal hours,26.97,Brine,25.5,687.735
TORRE ITALIA,Tue,2025-12-23,11:08:00.000000000,TLLU1034660,12:35:00.000000000,normal hours,27.06,Brine,25.5,690.03
TORRE ITALIA,Tue,2025-12-23,08:57:00.000000000,TLLU1034927,09:22:00.000000000,normal hours,26.98,Brine,25.5,687.99
TORRE ITALIA,Tue,2025-12-23,15:43:00.000000000,TRIU8030072,16:28:00.000000000,normal hours,26.79,Brine,25.5,683.145
TORRE ITALIA,Tue,2025-12-23,12:36:00.000000000,TRIU8031103,13:15:00.000000000,normal hours,27.09,Brine,25.5,690.795
TORRE ITALIA,Tue,2025-12-23,13:27:00.000000000,TRIU8980882,13:59:00.000000000,normal hours,26.98,Brine,25.5,687.99
TORRE ITALIA,Tue,2025-12-23,08:18:00.000000000,TTNU8056787,08:48:00.000000000,normal hours,10.63,Brine,25.5,271.065
TORRE ITALIA,Tue,2025-12-23,14:51:00.000000000,TTNU8058692,15:32:00.000000000,normal hours,27.15,Brine,25.5,692.3249999999999
TORRE ITALIA,Mon,2025-12-22,16:28:00.000000000,TTNU8056787,16:46:00.000000000,normal hours,16.43,Brine,25.5,418.965
TORRE ITALIA,Wed,2025-12-24,08:29:00.000000000,TRIU8033045,10:13:00.000000000,normal hours,27.12,Brine,25.5,691.5600000000001
TORRE ITALIA,Wed,2025-12-24,10:23:00.000000000,TTNU8203430,11:15:00.000000000,normal hours,26.61,Brine,25.5,678.555
TORRE ITALIA,Fri,2025-12-26,08:53:00.000000000,TCLU1227912,09:35:00.000000000,normal hours,26.84,Brine,25.5,684.42
TORRE ITALIA,Fri,2025-12-26,15:40:00.000000000,TCLU1264583,16:27:00.000000000,normal hours,27.07,Brine,25.5,690.285
TORRE ITALIA,Fri,2025-12-26,10:29:00.000000000,TTNU8192612,11:52:00.000000000,normal hours,27.04,Brine,25.5,689.52
TORRE ITALIA,Wed,2025-12-24,11:24:00.000000000,TTNU8203342,12:06:00.000000000,normal hours,21.13,Brine,25.5,538.8149999999999
TORRE ITALIA,Fri,2025-12-26,09:52:00.000000000,TTNU8203342,09:57:00.000000000,normal hours,5.95,Brine,25.5,151.725
TORRE ITALIA,Fri,2025-12-26,13:12:00.000000000,TTNU8203358,15:13:00.000000000,normal hours,27.12,Brine,25.5,691.5600000000001
TORRE ITALIA,Fri,2025-12-26,12:26:00.000000000,TTNU8204924,14:40:00.000000000,normal hours,4.73,Brine,25.5,120.61500000000001
JAI ALAI,Sat,2025-12-27,11:24:00.000000000,TCLU1263735,13:05:00.000000000,normal hours,28.04,Brine,25.5,715.02
EUSKADI ALAI,Sat,2025-12-27,09:45:00.000000000,TCLU1268681,11:23:00.000000000,normal hours,27.94,Brine,25.5,712.47
EUSKADI ALAI,Sat,2025-12-27,16:03:00.000000000,TLLU1033936,16:47:00.000000000,normal hours,23.44,Brine,25.5,597.72
EUSKADI ALAI,Sat,2025-12-27,11:09:00.000000000,TRIU8068294,12:04:00.000000000,normal hours,28.16,Brine,25.5,718.08
EUSKADI ALAI,Sat,2025-12-27,14:55:00.000000000,TTNU8031834,15:54:00.000000000,normal hours,27.62,Brine,25.5,704.3100000000001
EUSKADI ALAI,Sat,2025-12-27,12:07:00.000000000,TTNU8203492,13:24:00.000000000,normal hours,28.02,Brine,25.5,714.51
EUSKADI ALAI,Sat,2025-12-27,13:33:00.000000000,TTNU8203677,14:57:00.000000000,normal hours,27.32,Brine,25.5,696.66
JAI ALAI,Sat,2025-12-27,13:32:00.000000000,TTNU8204204,16:37:00.000000000,normal hours,8.23,Brine,25.5,209.865
EUSKADI ALAI,Sun,2025-12-28,08:25:00.000000000,TLLU1033936,08:38:00.000000000,overtime 150%,4.45,Brine,25.5,170.2125
ALAKRANA,Mon,2025-12-29,13:44:00.000000000,TCLU1228570,16:20:00.000000000,normal hours,28.18,Brine,25.5,718.59
ALAKRANA,Mon,2025-12-29,12:58:00.000000000,TCLU1265342,15:40:00.000000000,normal hours,28.28,Brine,25.5,721.14
EUSKADI ALAI,Mon,2025-12-29,12:00:00.000000000,TTNU8203363,15:37:00.000000000,normal hours,28.11,Brine,25.5,716.805
JAI ALAI,PH,2026-01-02,12:48:00.000000000,TTNU8204204,14:21:00.000000000,overtime 150%,19.79,Brine,25.5,756.9675
IZARO,Sat,2026-01-03,08:28:00.000000000,TCLU1222417,10:16:00.000000000,normal hours,28.0,Brine,25.5,714.0
IZARO,Sat,2026-01-03,15:43:00.000000000,TCLU1275588,16:41:00.000000000,normal hours,10.79,Brine,25.5,275.145
IZARO,Sat,2026-01-03,11:19:00.000000000,TTNU8071858,13:51:00.000000000,normal hours,27.7,Brine,25.5,706.35
IZARO,Sat,2026-01-03,08:29:00.000000000,TTNU8192823,10:48:00.000000000,normal hours,27.97,Brine,25.5,713.235
IZARO,Sat,2026-01-03,14:47:00.000000000,TTNU8339350,16:14:00.000000000,normal hours,12.56,Brine,25.5,320.28000000000003
IZARO,Sat,2026-01-03,13:00:00.000000000,TTNU8340427,15:11:00.000000000,normal hours,27.97,Brine,25.5,713.235
IZARO,Sat,2026-01-03,10:27:00.000000000,TTNU8388462,12:32:00.000000000,normal hours,28.11,Brine,25.5,716.805
JAI ALAI,Sun,2026-01-04,09:31:00.000000000,TCLU1216899,10:30:00.000000000,overtime 150%,28.2,Brine,25.5,1078.65
IZARO,Sun,2026-01-04,08:25:00.000000000,TCLU1275588,09:37:00.000000000,overtime 150%,17.23,Brine,25.5,659.0475
JAI ALAI,Sun,2026-01-04,08:30:00.000000000,TLLU1032550,09:50:00.000000000,overtime 150%,28.11,Brine,25.5,1075.2075
JAI ALAI,Sun,2026-01-04,15:49:00.000000000,TRIU8880815,15:49:00.000000000,overtime 150%,2.32,Brine,25.5,88.74
IZARO,Sun,2026-01-04,08:29:00.000000000,TTNU8339350,09:35:00.000000000,overtime 150%,15.22,Brine,25.5,582.165
